,A,B,C,D
2000-01-01,-0.570440204073633,-0.6257106387383538,0.484392618516063,1.3555440301574657
2000-01-02,0.8507742588897488,0.8272263771379837,-2.318443192199034,0.287361935789848
2000-01-03,1.6055557771839148,-0.5378690649505135,-0.42306706447448167,1.7436206437001673
2000-01-04,0.7213327607573263,1.8777822032003235,0.34660575921015274,-0.41537348864461276
2000-01-05,-0.7772487467643766,1.3103384139335872,0.40880614432062573,-0.5450055709433611
2000-01-06,0.376262261225894,0.9051585542903418,0.42637137056324326,-0.039751747590717236
2000-01-07,-2.1928464701243424,-0.8125407736248998,0.014208859360914955,0.3972333476326953
2000-01-08,1.2218253612234131,0.20605435067183928,0.0849343978331468,-0.24296710412180406
2000-01-09,0.11904891607874399,0.14072914500499392,-0.2098484160742091,-1.639957807330026
2000-01-10,-0.5749160150944999,0.044018534244984066,1.2413214454478925,-2.2509915848721676
2000-01-11,0.20067804389728858,0.19039018394176951,-2.373971791704663,-0.4186040314298404
2000-01-12,1.162754112762111,0.06469350356608922,1.21985963391445,0.5648714599410313
2000-01-13,-0.315063564366313,-1.000482219245349,-0.023534769001969248,0.48729650964615673
2000-01-14,-0.3320664929824567,-0.6752433764443616,1.1130472866149703,0.8203285198075881
2000-01-15,0.340701214443593,0.25441836736087375,-0.46528396576329345,1.3222022399942717
2000-01-16,-0.7812164050883759,-0.7761064950187541,-0.022250828272443592,-2.3931846096467453
2000-01-17,2.6697829826749926,0.11769311572706832,-1.542868990054565,0.273012907556615
2000-01-18,-0.8262823885556457,-1.6938054836835603,-1.5739543014143444,-0.6821265658243187
2000-01-19,-0.35753918334808477,-2.3214543340935525,-0.3012285745395638,0.690027022329386
2000-01-20,-0.3280885140293264,-1.2242551572962206,1.7162533241522244,-0.5196318441685189
2000-01-21,0.7670963024975898,0.5292394934423997,0.03229202633792408,0.5670712261289621
2000-01-22,-0.4271807860853525,0.015546900965225308,-1.0561458924892628,-1.678222548481857
2000-01-23,0.8644277521574691,2.121548412314129,0.47177124997210457,0.975235184472245
2000-01-24,0.26798538580329734,0.6725112496698308,0.30391041844995254,0.02724445067677285
2000-01-25,-0.3114141214383977,-1.163883412405942,1.2360762502496887,0.2395549999014207
2000-01-26,-1.7795002735040033,0.1972436819218878,-0.025168193354156425,-0.3720765335945663
2000-01-27,0.672939197169425,-0.9410127474879959,-0.5979284884973933,-0.7279146542891517
2000-01-28,2.3888930437288933,0.6675275736851097,1.440267082622559,-0.7881781888724497
2000-01-29,1.2001611485245194,-0.6364954244919632,0.1285959088626116,0.0550032297832296
2000-01-30,-0.8308516290859571,1.3616416068761457,0.06387242306537372,0.31520453073994376
2000-01-31,-0.9191685116568915,-1.0298160192899133,-0.34802004503444056,-0.7296183834076978
2000-02-01,-0.015347109436808434,0.1359004837362235,-0.9768653935540408,-0.1852961507951006
2000-02-02,0.8476780835860649,-0.8933681183592644,0.17791388131026437,-1.2296629569651505
2000-02-03,1.7630675911875957,-0.7635732956390591,-1.385055579347019,0.6755147589558815
2000-02-04,0.10010506845889153,0.5514997632450307,-0.5305537103634891,0.0504491883842266
2000-02-05,-0.4003541502213859,-0.6517814421677877,0.10753079954658663,1.2826941508410614
2000-02-06,0.453633143732049,-2.023328628862056,0.3904482935383129,-1.447104215546438
2000-02-07,0.1414871275540826,0.7618482122824631,-0.7851522638338673,1.8302015786923478
2000-02-08,0.9754818097087682,-0.8392448479638359,0.23148827324717483,-0.17497488549015142
2000-02-09,0.22145647007254982,-0.8631130950396501,1.2424832698639798,-0.199991414742002
2000-02-10,1.9473235553447954,1.3327577634940981,-2.162954438381981,-0.9868826387079315
2000-02-11,0.011962222065679247,0.24834189958372263,1.670905483518437,1.6308750596558856
2000-02-12,-0.09664472816839696,-1.1023197087313925,-1.5631651752336868,-1.9469189369596864
2000-02-13,-0.17889466567653628,0.588600512278627,-0.03320602387775914,-1.7553896326796747
2000-02-14,-1.7098776018396626,-0.03270654655052027,0.7116488253574171,-2.0108737757986126
2000-02-15,1.6700162578422737,2.446382823802496,-0.5635210478125589,0.578719467900375
2000-02-16,-1.5808418201170202,-1.0733579122005263,0.31757636196582323,0.5929443274946614
2000-02-17,-0.27563891910756183,-1.2501202887104002,-0.35529367007360707,-0.0554600405127124
2000-02-18,-0.5534065211159217,0.5729803040648735,-3.0182483644635654,0.44779407359281953
2000-02-19,-0.24169340975592574,-0.1623291701336541,1.7366762635199995,-1.0531586557224533
2000-02-20,0.3866036924508743,0.8229435393953256,1.7582173846885012,0.43212627267810283
2000-02-21,1.7798928579601814,-1.1858786788281495,1.3792746823932571,0.99797160883442
2000-02-22,0.7526907355745909,1.4096448153020331,-0.058122974596646386,-0.2352998997913064
2000-02-23,0.5225829294905238,-1.310541198779172,0.44964150425467486,-0.28385730122418096
2000-02-24,0.736701074584818,-0.9141888192769829,0.07810901558964992,-0.24168460618711937
2000-02-25,-1.6455332164312781,0.5369285284405493,-0.5811218990028583,1.07208883511561
2000-02-26,-0.4847150901763373,-0.9131527156455245,0.05904310299027281,0.9613830266446225
2000-02-27,-0.683084592910886,1.4635948906516398,0.8518614577917102,0.691729842694328
2000-02-28,-1.162429205414604,-2.0551745905529946,-0.5086523246689624,-1.256430078755291
2000-02-29,0.14469145090692848,-0.7381682083236325,1.8762390484001479,-1.6637507201956099
2000-03-01,0.4177358441921078,-1.2939210992599282,0.31404676694974515,1.2488042524837113
2000-03-02,-1.0348227262125818,-0.3288235498447006,1.0485283971792152,0.4343208428682959
2000-03-03,-0.1961053901857355,0.015535772121459424,0.18043645258681776,0.9357910161251873
2000-03-04,0.9649872495606278,-1.711852861396762,0.32074077258523725,-0.9847019770339679
2000-03-05,1.3228782018334795,-0.4104660654340222,-0.6104089139357404,-1.3316600394391718
2000-03-06,0.30177196567664855,-1.095867822321244,0.11694578278636168,-0.015554649313078813
2000-03-07,0.21486306691677107,2.5222482370661745,-0.8694220374267163,0.7017342549965263
2000-03-08,0.44408755941367634,0.9535866737133012,-1.5984528932488915,-0.9118253849614094
2000-03-09,0.3722685814369231,0.003043343736236846,-0.4416622477409041,0.525850755530399
2000-03-10,0.5546346753345027,0.9113676931019321,-0.47928652844779424,0.7256155912952779
2000-03-11,0.5015101105964898,-0.5060870840245282,1.4316266111317213,0.32208034075546044
2000-03-12,1.4924511618035035,0.11215606957807232,-1.0811564309799189,1.0745497427212416
2000-03-13,-0.24575753231485917,-0.7656453230409623,2.114908271304883,0.30057782785342946
2000-03-14,0.25284983350730666,1.6685786663648585,-1.7465308924879561,-0.5434532096129182
2000-03-15,1.5741410112350303,0.9163501859917096,-1.2068649784126515,1.0055609789682505
2000-03-16,-0.5442113795590019,-0.9206547589265381,-0.8368742102968556,-0.0013789406402545275
2000-03-17,2.5482743448013436,0.22038933301256583,0.8996025101167906,-0.3050554361843378
2000-03-18,-0.9366824357917524,-0.23256965591657042,1.2317668792647276,0.4068649260670492
2000-03-19,0.17409937813437204,1.3035447898916912,0.3439602995670916,0.14141463362193243
2000-03-20,-0.13563046968519127,-1.5153738980863158,-0.14087163374621453,-0.7873167745752281
2000-03-21,0.7273250996617922,-0.6798037046241464,1.1221497719295326,-0.338138897629356
2000-03-22,-0.443258563821875,0.07726916748438285,1.7443564537240706,0.39021248789098506
2000-03-23,-0.5570705479987187,-0.6617462468425142,0.20203055262034814,0.40866179371398453
2000-03-24,0.00012388271413386586,-0.6018546353254961,-2.4801760670507096,1.7951642421571194
2000-03-25,-0.5718052455104636,-0.25509343756636105,0.8586215790108696,0.43751428341239845
2000-03-26,-0.29524041055211625,0.5841305891574826,0.24727450730648928,0.9095242172073714
2000-03-27,-1.0154208553175093,1.6789424759950393,2.102589364061714,-0.833159501221704
2000-03-28,-0.17414131826790394,-0.09014325496839574,1.2842652266200325,-0.3943358079330378
2000-03-29,0.3785054325215231,0.5901807583182535,-0.42842411898311483,0.5771934217301924
2000-03-30,-0.5949991556967118,0.5321156417279267,-1.403604780969609,-0.7109942487608929
2000-03-31,-0.18921509532735664,0.8292596629933702,-0.15354969030731566,0.9868654054481243
2000-04-01,0.6234216744314319,-2.876529460320264,-0.6364872323988479,-0.1491422791216297
2000-04-02,-0.7059635364633255,-0.7806697839166621,-0.23612138642576622,0.20794841206109826
2000-04-03,3.059434299420471,0.12129351250896747,-1.0860708627620108,-0.11686555119603975
2000-04-04,-1.1897244032519392,-0.016331532455664096,-1.843165181659607,0.3139771014733442
2000-04-05,0.3328184051346873,-0.6444820953638346,-0.4361074726187246,-1.0058238813166682
2000-04-06,-0.6459264106907198,0.0785584933263029,-1.5158546828449957,-0.9321071345971121
2000-04-07,-0.7673601197767169,0.3703906343969457,0.508589091349643,0.7362501041735988
2000-04-08,-0.5170054073469025,-1.6521704262178136,0.5209684144465532,0.41926256314616595
2000-04-09,0.4006144274728067,1.759028256345306,0.1864968578869799,-1.4051571104146305
2000-04-10,1.1478245680861936,-0.18436677554231956,-2.0457243156241733,1.696289579227979
2000-04-11,0.7006170793567684,-0.13786540916765155,-1.353598632491669,-0.8931189935688766
2000-04-12,-1.1539045112936654,-0.05229580788655116,0.262217107010568,-1.0026263220795775
2000-04-13,0.7865652438921911,0.1380309441068213,-0.21987485932274986,0.3731131536478091
2000-04-14,-2.586252570173042,-0.03772737621108112,-0.20473749419563803,-1.1677467742938772
2000-04-15,-1.476998823107324,-1.0121192855045065,0.7572997049783986,0.5842746463371277
2000-04-16,0.19146268769879315,-1.3569727501920885,1.6417404338641477,-1.1025842675472515
2000-04-17,1.1877348208058451,0.03710958546327265,-1.0787484305901796,0.8994433529135335
2000-04-18,1.6311179032437384,0.3679185965934076,-1.5953359008346693,0.5418839743665969
2000-04-19,0.01732180010375247,1.3549990190194745,-1.7111295287846378,-0.7412192982607357
2000-04-20,0.8494766334176712,1.0002138825501674,1.773468388763275,-0.5132942999576545
2000-04-21,0.08099714356876987,0.3889816374503765,-0.11815586391301508,-1.2903352167965674
2000-04-22,0.03642147800126177,1.360484967172646,0.7512563708499239,-0.6948106394841944
2000-04-23,-0.7111509658419412,1.5053312045229659,-0.380232354575294,0.8211734294824798
2000-04-24,-0.2717097884387473,0.3692944649491297,0.8570859519835222,-0.4283970072543326
2000-04-25,-0.8906600672843685,0.36080971633460596,0.10670121830501543,-0.17473603557133507
2000-04-26,0.012760375970891183,-0.05439994480596571,0.0009088326301606363,0.2942438689400057
2000-04-27,-0.9396122042646398,-2.7640676089255414,-1.0791773747052285,-0.1851184512756035
2000-04-28,-1.7597374206784178,0.46163164111410615,-0.3283588805238317,-0.6350494397629013
2000-04-29,1.4779546788729938,0.9894176028877484,1.1516696677419929,0.19207951250968056
2000-04-30,-0.7580155860698137,-0.12349569254848008,-1.4687802013512483,0.7599800601089184
2000-05-01,-1.8955205672084732,-1.9473498855900822,-0.06776379179816919,-0.2022382793904631
2000-05-02,-0.7021507949053915,0.34962085331113224,-0.046575790636657025,-1.252248670125976
2000-05-03,-0.9926575690853964,-1.2715576425807962,0.6746827529344444,0.10492468220477262
2000-05-04,-1.943197871671634,-0.41760329128018125,-0.8401185438025534,-0.38705215347599453
2000-05-05,0.7050447889351463,-1.9347262809549786,2.38526543362005,-0.037611245951535706
2000-05-06,-0.2242621235784013,0.37459574112189514,1.838805550170913,-0.8373618096720327
2000-05-07,0.2124607959610356,0.8144929678145205,1.8787605921592014,-0.050245659247559846
2000-05-08,0.32795504016789295,-1.1048675573991453,-0.536529048446745,0.5245366069737981
2000-05-09,-0.7234529830202716,0.4843881441187543,-0.7307054816579623,-0.20956235938973988
2000-05-10,1.411151344726,-0.31918642798090485,0.01590202181493073,1.8389223971463118
2000-05-11,0.14749120925749762,0.33399210247508687,1.7199383830376764,1.1635313035051003
2000-05-12,0.36033529651497,-1.2910299841879371,0.4035528928873393,-1.0268818607084529
2000-05-13,-0.7912029437794466,-0.711488013446651,-0.09035180288790824,-0.861874196967393
2000-05-14,-0.9211735260671396,-0.17033127053252223,1.1334816535709578,-1.6559965674553845
2000-05-15,-2.357080570162206,-0.6690610738741959,-0.36564002606666834,-1.0139713749910861
2000-05-16,-1.5939799357830113,1.5615127533508717,-0.2840674946771055,-1.1693420208762302
2000-05-17,-0.2291340735848211,-0.565676977469005,-0.4559123506447799,0.36674096789780797
2000-05-18,1.5812073620561786,1.9751914353474356,-0.8233459275115005,-0.07723068260596974
2000-05-19,-0.0006341790722509204,-0.1266920367315652,-0.4748279613094873,-0.8086557972132525
2000-05-20,0.6217820267545681,-0.430100072527341,-0.7314422774263495,-1.8253193193626795
2000-05-21,0.6326212155091694,0.6588564074413659,-1.4493349336534462,-0.5079902924012342
2000-05-22,0.06178230800637617,-0.8723987010338364,0.4506803512973566,-0.2466084614527513
2000-05-23,-0.28207036555025344,1.0477659975002989,-0.836108046090063,1.3205183481149003
2000-05-24,-1.2525831609701616,-0.22013298955725055,-0.5143009137308235,1.6062278435090847
2000-05-25,0.520010941532581,0.7920353616995682,-0.9872670671109424,0.145486310227114
2000-05-26,-0.5974846396962379,1.2207503850086265,0.017332161687311425,-0.7039365617778717
2000-05-27,1.3593882519910843,0.6576481862384346,-2.0298237492584352,0.19830233693341545
2000-05-28,0.4243843555017481,-1.4468269442499966,-0.6835648721297592,-0.3392202641492344
2000-05-29,-0.9204040982090753,1.5261906907830258,-0.10184353797050498,-1.1173373624772291
2000-05-30,1.8140372027469989,0.5144270255713013,-0.4669381100846718,1.3198785576909002
2000-05-31,-0.4871051431129333,1.0570594714940464,0.6853195301782057,1.0362389891360901
2000-06-01,0.24621789335315578,-0.1554886287704731,0.041081425791073954,0.25229149302717524
2000-06-02,0.2462976273520957,0.09755091338080435,0.42349495424154066,-0.3260635280576797
2000-06-03,0.6360240012256603,0.26960509443909364,0.04976323762735826,-0.3908383463154186
2000-06-04,0.19385940175193908,-0.006012888774449822,0.33246082713614644,-0.6029615763653987
2000-06-05,-1.3222389477043675,0.6347701400375284,0.7171107604687164,-0.6419862415063178
2000-06-06,0.9538916832215796,1.315188848202284,1.0099566777205338,-0.7712290851285739
2000-06-07,-1.0158860028574075,-0.5779152924231272,0.10311219187792567,-0.45058818509576193
2000-06-08,0.8675458197899275,-1.0110639463339877,1.184067058040166,-1.3117751297573534
2000-06-09,-0.3467245420823334,-2.3161704874619566,1.4218229230878456,0.6972484618200846
2000-06-10,0.601204707809457,-0.8711451762414223,-1.62664020949033,2.6038251001169357
2000-06-11,0.810271598976506,0.5529821691505759,1.0587801571195126,0.45684796172113096
2000-06-12,-0.8457151543955589,0.05536741285156433,-0.35560496861391433,0.11542401925092612
2000-06-13,-0.5389335755724695,-0.45153941728155284,0.8448247857178904,0.8811370383695102
2000-06-14,0.916078706097422,1.7778426504129314,-0.2028626120815652,0.0037757392508685167
2000-06-15,-0.19733207808071104,-0.8307160661831106,1.1785770546915126,0.0746304659654156
2000-06-16,1.413114141630603,-1.1784356319211535,3.479860375283325,-1.3147402857354376
2000-06-17,-0.9287589900076849,1.1609539635708273,-0.7657802409701113,0.8648880522435063
2000-06-18,-2.2369951609576337,-0.33523869584869453,-0.5451125706142753,-1.8191633205328699
2000-06-19,0.09046410600192979,-0.1263016876215901,0.01785606054308998,-0.7630989267245024
2000-06-20,-1.4184838847294605,-1.1272276163249497,-2.2543420962454577,-1.6324730125132634
2000-06-21,-0.6073622307236558,-0.4692712525569981,-0.6282358634688141,0.12725114092584405
2000-06-22,1.167898766473438,-0.3256536232209873,0.893822494411688,0.6894999188997093
2000-06-23,-0.5060474895537432,-0.6990272206557325,0.5755549117713927,-0.14146408252165946
2000-06-24,1.463616350389417,0.6881883235781402,0.8072227886955462,-0.7508278718764373
2000-06-25,-0.06608875677450309,0.3941513133544503,-0.9785961030150369,0.9102713570178661
2000-06-26,0.797399644734731,0.9070679333688212,-0.6446777318240247,1.4367607222134258
2000-06-27,1.5362320652586425,0.6657439515148145,-0.965828067668928,-0.6283042692855176
2000-06-28,-0.8978290697031677,-0.16245169117277738,-1.9371799680633508,-0.7590388313538264
2000-06-29,1.7432772335359155,0.54339844858642,-0.6168572086251756,-0.7207640506578158
2000-06-30,0.7871556057324718,0.3388363692802592,1.431155606074027,-1.2609884654824062
2000-07-01,-1.2647270837107731,-0.0012283137564315521,1.9723774743220586,-1.1790003891076302
2000-07-02,0.7096620548191297,-1.6749912425364952,0.18999831461556352,0.3236132136785082
2000-07-03,0.02448293880172822,-0.5507858037934493,1.3567614975394229,-0.048391042120086686
2000-07-04,0.17609276770061696,0.3303262883126635,0.7581024269384302,-1.2599779384773926
2000-07-05,0.6594525400642904,0.5646648249746015,-0.977097866593184,1.1167194249091552
2000-07-06,-0.02435094023309241,-2.1107738371728964,0.14868994028872137,0.21254459476677118
2000-07-07,0.46914477186525133,-1.874788440251957,0.20146245615451705,-0.16775520076346498
2000-07-08,0.9063255364920807,-0.6714493622522504,0.2815880968620933,-2.472514442507791
2000-07-09,-0.5659652381368537,0.4478240829687077,0.05010320708267024,0.6065405401689435
2000-07-10,0.11497810889428743,-0.645623487833508,-0.5308163365922137,1.4770737103377796
2000-07-11,-0.4315199283745243,-0.14559362926324768,-0.5259846534582767,-0.11454065992645261
2000-07-12,-0.5335920220333505,-0.8399887088445522,1.187235770786953,-0.22418288566366262
2000-07-13,-2.5666971695903276,-0.9031966143014919,-0.7028694344773021,0.4043476920007081
2000-07-14,-0.6723852359778056,1.5535447268494273,-1.004929615476668,1.3816295137698658
2000-07-15,0.9240644225750276,1.446532464298371,1.1945052212180856,1.4303088169185163
2000-07-16,2.696401056392356,0.5958095571498386,0.5856676634847869,-1.0718395854234497
2000-07-17,0.3906899137076207,-1.1894939147660877,0.5882923159446974,-0.45284868646899884
2000-07-18,0.4880162097130571,2.0572432229253232,0.9712863323053293,1.0847398316016057
2000-07-19,0.7681507314432803,0.2562113103562557,-0.38720697257156467,0.0028351347127789158
2000-07-20,3.0891328892292558,0.8671702368405994,-2.268673292717388,0.0165967640178502
2000-07-21,-1.3332827660493742,-0.6843557687145728,-0.2412381434997606,-1.243422509105406
2000-07-22,-0.5096556476086262,-0.35379649603281643,-0.30084581683395256,-1.4449341263925888
2000-07-23,-0.12471170581254556,-0.12377225961635874,0.6871371024995877,-1.9182155021932914
2000-07-24,-0.1498484461013527,-0.7159863362233269,-1.8977335355438736,0.3900942041853228
2000-07-25,-0.25373398245770523,0.8261012742019509,-0.7715390432132734,-0.7912385776350324
2000-07-26,-0.09969040795458954,-0.4099117420114442,-0.8114929545416303,-0.6820230054098045
2000-07-27,0.12991517054288446,-1.0883857443377816,-0.348005486864327,-0.9011646047798678
2000-07-28,-0.11521679654244611,0.9597641919260337,1.7175235342714548,1.1439185763918698
2000-07-29,-0.35659350066187434,-0.8500363415290748,-0.5244604120346957,-0.2663668940367929
2000-07-30,-1.630585311212113,-0.4210717551848062,0.6010581066618351,0.32255787622748955
2000-07-31,-0.8979838766141336,0.1810883286248193,0.47021216979344505,-0.37263465207219026
2000-08-01,-1.1109539642716066,0.3583103602609845,-0.08028006081406758,0.6146340665118484
2000-08-02,1.5933858498126556,-0.8657324337280103,-1.3674968783669592,-1.0013570045627607
2000-08-03,0.2214208490468477,-0.5617390268846869,1.6750448935476037,1.0925714086207652
2000-08-04,-0.3912996149190483,-0.5847091581022055,-0.7550766998847256,-0.13373317869465504
2000-08-05,-0.9534274036503628,0.2622766196502283,0.6075120650247269,0.9945003250952733
2000-08-06,-0.02707143013653143,1.5880030791565045,0.05889172118861263,0.40826152361829726
2000-08-07,0.9655600106285739,-0.7729647619928433,0.06851502845746175,-0.9381193317843055
2000-08-08,1.6294220290071946,-0.5485093261776177,2.1529649481913267,0.07085404109489428
2000-08-09,0.4538001833044321,1.0511929858443854,-0.9866723448257553,-1.1285515462156461
2000-08-10,-0.005659464128820603,0.34272673554742933,-0.6089487660112551,-0.4455235291602676
2000-08-11,0.9928987744169341,-0.722560498746536,-0.33627326071527686,0.2742232964075135
2000-08-12,1.1010772732599654,0.4014013998135262,-0.26985140220217013,0.48112062494897184
2000-08-13,-1.4364155511136152,-0.6271825208306093,1.175599672001985,0.3830420138802597
2000-08-14,0.34220188253254785,-3.10724307715784,0.8560183992537098,0.16493026110676304
2000-08-15,-0.0294038155657751,-0.8790172601686154,-1.9525608127727554,0.2476665112214794
2000-08-16,-0.9158879285980016,-0.7246709492656105,-0.3938514787987883,-0.5380021451163435
2000-08-17,-0.3408496135447717,-0.6551588463973277,0.5883608154764715,-0.25411010671159245
2000-08-18,-0.13456843677053082,0.1719062499926957,0.46569812125368415,-0.5489172587100751
2000-08-19,0.2568476569268091,-0.15610366485557278,-0.0899532131238358,0.9151594263409256
2000-08-20,1.738778548685716,0.007311219337837293,0.1837452226818639,0.8063371683640338
2000-08-21,0.7576783129371559,-0.31498314631538277,-0.33175413617996063,0.9364552738299732
2000-08-22,0.18927464248125547,-0.11583784947925226,-1.6726162196856003,-0.5123543292820903
2000-08-23,-0.7490996399659933,0.512671733650785,-0.656086284341118,-1.540277038065088
2000-08-24,-0.3724427429447223,0.41615640400520015,-0.35396892990904866,0.8836354660403202
2000-08-25,0.11705404766014853,1.720774334488102,-0.025334891250299987,-0.7172582370713976
2000-08-26,1.4343419169639202,-0.289567832806399,0.09894572889213277,-0.655911598979507
2000-08-27,0.3687310122519045,0.14663423036884835,0.3094553435607961,-0.40434330237370986
2000-08-28,0.41855455612041975,1.147825821897683,0.2914743381765391,0.13239296004960427
2000-08-29,0.06002125325840434,-1.2966348595328345,0.36083913167082404,-0.18403883174329932
2000-08-30,0.41053520455218323,-1.2815268320386124,-1.0576094964756866,0.7233626629547453
2000-08-31,-0.8486312997093834,0.23412444677461003,-0.6871849807699981,0.12123084129062445
2000-09-01,-0.8721732374161975,0.07686370380940724,-0.7522216945399569,1.1996097111975967
2000-09-02,1.7099185912145562,0.8591612502779122,0.2615521710167188,-0.9429156261587007
2000-09-03,-1.3368533206835047,0.38131631337955263,-0.4253628595197557,-0.9045465767020738
2000-09-04,0.8404280868825921,0.9872885112191638,0.36234436274814397,1.1477663805711822
2000-09-05,0.015745563226120873,0.10202074889273895,-0.07298905739253676,-0.6871586464238089
2000-09-06,-1.0491902468387093,-2.421440149101658,-1.6671615812976137,-0.08261188781552797
2000-09-07,0.20989134334158888,-2.0786270683308237,-0.4153384647902543,1.203053097742705
2000-09-08,-1.188237540522862,-1.2394191052298653,-1.3085451571292148,-0.03387627428822879
2000-09-09,0.1060285339988169,1.5674044631993107,-0.945387093570563,-0.8078298808907544
2000-09-10,-0.11243162300890007,0.29514595733022353,0.8856370969224308,-0.3151994233622435
2000-09-11,-0.5100728143538125,0.7143169944992687,2.0929287473912175,0.6188656555195774
2000-09-12,-0.966281634801597,-1.4828647593263031,0.19361615899109139,-0.94729972515572
2000-09-13,-0.4530887271758354,0.3189592206750855,0.782335008966868,-1.6321546176958563
2000-09-14,-1.2948552875929713,-1.7176994551935878,1.1128483140466356,-1.8774806598049383
2000-09-15,0.6294590275807481,0.8578625645151379,-0.29059495570126964,0.387560232718662
2000-09-16,0.16665398913099566,-0.24357973692211973,0.844438672642955,-0.6844302513250535
2000-09-17,1.0600184970796762,0.006874989997790043,2.327533852524467,0.004702531027562402
2000-09-18,-0.3617795753623808,0.2081930244137502,-0.6919179619521701,-1.798044114417604
2000-09-19,-0.4134457087713213,0.8839158150680602,1.0199047230281826,-2.527124932655155
2000-09-20,-1.0220528918711387,-0.5804021967160294,-0.28018881075228086,1.829383319077459
2000-09-21,2.137261223292687,0.0019632922416285116,0.7500750035119934,-0.16041921783309093
2000-09-22,-0.7514101566449246,-0.08912082685789981,-2.0752639026679063,-1.5912499334524075
2000-09-23,1.0170301111446138,-0.4104692545284856,-0.25818923878553723,-1.2282250310297234
2000-09-24,-0.27908234657547365,1.2032482742687123,-1.4715350480828557,0.31143456358285987
2000-09-25,2.105912316661935,1.1792974749580556,-1.208169192288299,0.48751267327526254
2000-09-26,0.17644868326745283,1.03886326151372,0.12428040050463639,0.1176763053107327
2000-09-27,-0.9162999967289548,-2.440211029945732,-0.663764827624995,-2.737089277852784
2000-09-28,-0.5882983610745619,0.2667011254499903,-0.022440052882599117,-1.6097037190411125
2000-09-29,-0.15688570534151952,-0.5693948550406132,1.8215968349629583,0.4209505640640028
2000-09-30,-0.3628287873272885,0.03306992776099894,-0.8024293498692131,1.556201345326553
2000-10-01,-0.18650277578729843,0.6273003581585873,0.8114653671927642,0.6731907415236107
2000-10-02,1.167510766566984,1.9698728243642651,1.4953478936282092,-0.13586544650462984
2000-10-03,-0.3126467485704044,0.0033728872911013806,1.2830951823782266,-0.14437812990479573
2000-10-04,-0.6169302333727293,-0.3118976058359013,1.3881005305691416,-0.19558075075747647
2000-10-05,-1.522676344808606,-0.9648749769791098,0.2643836054983046,-0.3690178805324002
2000-10-06,1.5375558106957163,-0.05279455482824881,-1.3010302591488885,0.5595164843914672
2000-10-07,-0.49980245400939216,-0.010094983605073958,0.3568228384535262,0.28725598754532944
2000-10-08,1.8226086757810895,-1.2781160318284897,1.0611948617150093,0.6177585151474069
2000-10-09,0.06376696111030657,-2.0581140811708254,1.4781301683471635,0.6364506209719636
2000-10-10,1.5559004831162118,0.8811433646185918,-0.5315713668365426,1.3621930674058171
2000-10-11,-0.9771611067845309,-1.1479269855270773,0.6312535078958028,-0.9231780844382522
2000-10-12,-2.3450094265647565,0.49085249013673987,-0.24552765149045994,-0.7508857390445992
2000-10-13,2.053618005976485,-0.291592680055132,-0.5115356471536044,-0.7443498467141545
2000-10-14,0.5215579275312288,-0.3225301922084864,-0.5856947845058975,0.5795276432906046
2000-10-15,-0.43652520892241364,0.35104983302448345,1.3772592715135101,0.40450546512281826
2000-10-16,-0.03082368313139875,0.25325513327045757,-0.8520133595101463,0.21994605459346167
2000-10-17,0.3802366818015264,0.437087482176609,-1.0809754855246652,0.18295550590350548
2000-10-18,2.419459290877186,-0.8630717629985587,0.12332396096882446,-0.4795426905514416
2000-10-19,-0.07264484460065039,-0.18290177454036663,-0.19512414894518723,-0.20843889949322078
2000-10-20,0.3936652796305101,0.3237731132572572,-0.05503080904431899,-1.4425238349029517
2000-10-21,-0.14789828116394665,1.94552254475078,0.20606451203233836,-0.40012421531226494
2000-10-22,1.2977806731201698,0.6910730106593832,0.29082609116468455,-0.4442960741497307
2000-10-23,0.3114471648763161,-1.607247750650409,-2.4867446616790816,0.19270710466084678
2000-10-24,0.6327987328366547,0.5002783341680528,-0.8785716112046222,-0.27748324516126716
2000-10-25,0.44710192501276386,-0.30950832160870745,0.38666956208419073,-1.0022748363999745
2000-10-26,-2.526728625143423,0.6387121504361529,-0.6281469457429836,1.2165006918860681
2000-10-27,-0.1818138088145821,0.07367765861322971,-1.0009136190520416,-0.5109441556464699
2000-10-28,-0.6137483338703502,-0.5173956909532453,-0.27944628469398025,-0.803692732432727
2000-10-29,0.19191108679002794,-1.2199173773656025,0.748551352055183,1.7993411114295594
2000-10-30,0.3351520843189305,0.6872249971117611,0.7754207947750659,-0.48810744912582704
2000-10-31,-1.5035548827985656,0.35447674506899396,0.05536732200503162,-0.41257370999630555
2000-11-01,3.217171631771036,-0.17400622299211096,0.553576222102239,0.23599081126338106
2000-11-02,0.23859810555770572,0.8400131994058734,1.078320743643181,-0.45639114588487756
2000-11-03,0.2990173682339997,-0.5831280039740074,0.9365160808821062,0.029654640471832347
2000-11-04,-0.5729190600513212,-0.6478336031213734,-1.3131922206206765,0.0433525857920857
2000-11-05,0.313275454459484,0.5609981683906459,-1.834382014845035,0.6925919694105046
2000-11-06,-1.496999767483821,0.2134222334913401,-1.322947995897179,0.16931964700606722
2000-11-07,-1.90896468368418,-0.4970023373914754,-1.504556732992563,-0.16756593753626992
2000-11-08,-0.13289952554106216,0.7459528693467781,-1.3723677805259435,-0.7853445946878984
2000-11-09,0.8428641836443891,-0.5755834663258272,-1.7710247313016036,0.32508695205447374
2000-11-10,1.4539286712419357,1.9568572877902075,1.0839900754500473,-1.0334939772944558
2000-11-11,0.3652205857983989,1.345130480537115,-0.5833010844743708,-0.025245348094405155
2000-11-12,-0.7667482806228869,-1.78762886041155,0.5356926998236478,0.29719386387003266
2000-11-13,-2.911638671287649,-1.8893932363262482,0.5574952260669771,-0.005823054371281799
2000-11-14,0.21830050119815492,1.6368543115020175,-0.6629496507463459,-0.11551799799189416
2000-11-15,-0.7286994448566556,-1.260512375133852,-0.08491939044596424,-1.4791439221532061
2000-11-16,-0.19940706856506038,-0.850174134774546,0.056784346327144936,-1.030365677281346
2000-11-17,0.19172313781203057,-1.4584975803560873,-1.1026402244391351,0.8443345153124849
2000-11-18,0.5828135900943275,0.23777000770607676,1.4488321983169767,-0.8395291531806752
2000-11-19,0.33939019443341295,-0.8039280534008724,1.2209589801414653,-0.6495977730758261
2000-11-20,0.08651855432807178,0.6862794998150769,0.14825172407689288,0.2720506367136459
2000-11-21,0.1106405403373729,1.7951721244543277,0.7965937896558325,0.42584273295140146
2000-11-22,0.14769575994749348,0.9198817709977087,0.5774348326007542,-0.6447155943185899
2000-11-23,-0.8824830225402283,-0.8042245862317428,-0.2092148436011683,-1.5085933972910464
2000-11-24,0.339850974512178,1.0147191220338714,0.8043074975263436,0.7116083500048082
2000-11-25,0.3183405723794866,-0.000678265566331423,-0.47307393305109413,-1.8584025743932577
2000-11-26,-1.2055660291093255,-0.4724697207406607,-2.3796693816228953,0.20635600950125244
2000-11-27,-0.46483631932480085,-1.2683099778197686,0.4233020794816855,-0.0007789012363295872
2000-11-28,0.9663786708939902,1.784131171571582,-0.008490114168950262,-1.6625644830051278
2000-11-29,1.4352361420969808,-0.1902966344435665,1.3949742223251345,-1.3730078652664626
2000-11-30,-1.2293002159361006,0.2930683176055491,0.9903901331424066,0.1274164361367706
2000-12-01,1.8275599227934984,0.01310591428356683,-0.2448420946818154,-0.5320050362659781
2000-12-02,1.1936625380661978,-0.8355558368230116,-2.90392694666752,0.7251216515559579
2000-12-03,0.18827583058421946,0.06294855340471786,-1.2503600715430736,-0.633844916796044
2000-12-04,-0.6042114554517596,-0.0004614082224193318,-0.6910083428329643,0.6468550073788845
2000-12-05,-0.47070357358361525,-0.7547447298927991,-0.5628591720853096,-1.0428736784487151
2000-12-06,0.34918905042512716,1.2673692444139468,-1.846391913985766,0.15060404012365874
2000-12-07,-0.4452471318301965,-0.20126274261823432,1.2618782378501852,0.2856776649578113
2000-12-08,-0.24477810587229196,0.041021283841643295,2.310916871234557,-1.7106069269167168
2000-12-09,1.3866703922591717,1.0269644095280541,-0.3231981736811679,0.44968004761804387
2000-12-10,-1.2731222261319095,-1.9370252990542527,0.25795160113643856,1.1408934174146053
2000-12-11,0.5027355585486433,-0.6329743463879963,-1.3687164997645005,-0.0907119035338142
2000-12-12,-1.959383440696759,-0.3631791032154332,0.2254011726541636,-1.970691435470326
2000-12-13,0.9717087646281237,0.6604702222656362,-1.090598563900589,0.8760767489804405
2000-12-14,1.336114745779161,0.06598466624335123,-0.9992442875861594,0.6293822168335721
2000-12-15,-0.9673874840807506,-0.8722446084956236,-0.0493544295807808,-0.03940324871874354
2000-12-16,0.4272098528778343,-1.1861385005698752,-0.9722118114706058,0.015299322547797133
2000-12-17,-0.7588998797486719,0.9095783687617213,0.6362422680054567,1.2489489039622554
2000-12-18,0.0573952467106888,0.6147113524958702,0.8389456576694329,1.871255059486018
2000-12-19,0.6108266356361332,0.10295385042060799,-0.5343122384956223,-0.16336319062760546
2000-12-20,-1.5296884693927613,0.3684395337882126,-0.27412709511673594,-0.6370171352898321
2000-12-21,-0.025666413554344052,0.331923438954324,-0.5291772210961504,-0.7970183579315627
2000-12-22,0.12415082549012157,0.5609469063184868,-1.1553782436611912,1.8815939753761417
2000-12-23,-0.3222398032813638,-0.9934593685160761,0.6207034264491794,-0.22738690661318847
2000-12-24,0.08152767298778543,-0.6249370907077787,2.5449577539846753,0.07216571491719531
2000-12-25,0.027559051386616903,1.0444527972716215,-1.9220596528454275,-0.9129045206334104
2000-12-26,-0.5805513956615065,-1.2315285457061451,-0.5413083920133087,0.02596950821348923
2000-12-27,0.5058191063424242,-1.1562106158992604,-1.648038925869897,1.3906363870091085
2000-12-28,-1.6037382777806863,0.1984312429306364,-0.44387793568920875,-1.2155974323422725
2000-12-29,0.33008318299411393,-1.365483253329412,-0.13696674046571347,-0.8889352897930469
2000-12-30,-1.4571423040055682,0.3868970931449401,1.243943022263906,0.7018303486127572
2000-12-31,-0.31205652852610155,-0.4125844689412795,-0.2909306603748869,-1.1205517569922585
2001-01-01,-0.43350630649554206,-0.09957018093522278,1.6558060240105306,0.051188641165071276
2001-01-02,-0.8247442851133584,1.1206051153820011,-1.5035965339332524,-0.46965312505186696
2001-01-03,0.742098834628868,-0.2604465748513874,-0.2875704029820016,-0.2776510106237518
2001-01-04,-0.8781280891493408,-0.1499649679266246,-1.1117956442914958,-0.11678124830895492
2001-01-05,-0.4255161633832575,-1.6661933082242284,-1.7869996268080472,0.36937122591701377
2001-01-06,0.08764639024863076,0.6075511387797602,-0.4014702560522911,0.2998570174940239
2001-01-07,1.2892957364313968,1.2948941470384654,-0.3336850436041048,0.567604850036698
2001-01-08,-0.966910223069242,0.42996669291194445,1.5794580222387944,-0.6402914465470296
2001-01-09,-0.9199497961208816,0.5773114015935346,-0.8592986132726438,1.2334375818891026
2001-01-10,0.03201583982691758,-0.9715096593479052,0.12107452106103442,0.4775918512857694
2001-01-11,-0.9928503887930133,-0.04355878769145071,-2.3103996083853113,1.2756675472658048
2001-01-12,-1.6125202956336622,-0.19315261384987814,-0.7034674659776577,0.021261804263812165
2001-01-13,1.5045067945345734,-0.07509049113689785,-1.2191991353089648,-0.8733528340163101
2001-01-14,0.7917316065350399,-0.6655458797049497,1.0716037283707112,1.8321011859565586
2001-01-15,1.1326105138430727,-0.5012187716468769,-0.5330495628693369,1.3155484510648225
2001-01-16,0.0611614579152995,1.2729076398685257,0.9293199129224128,-1.0611195141840213
2001-01-17,-0.23416240146549422,-0.12855172074938825,0.4289305384093887,-0.5502487747423724
2001-01-18,-1.2997448242406902,0.25354572024156297,0.9974201677953569,-0.07881142596194898
2001-01-19,0.0425586028557867,0.44759741826539934,0.33130101958067903,-0.892536640931933
2001-01-20,-0.2954065965681228,0.7250919457696602,0.9071225188315736,0.23342747389711613
2001-01-21,1.8014241484637243,-1.4635645925766965,0.6454823088822393,0.5564286275892502
2001-01-22,-0.03591283828555138,1.0273052639261233,-1.1311362864403711,-0.2673175643372752
2001-01-23,-0.3779608218310403,-0.6033570463617228,1.0205398074467793,0.4547116403786583
2001-01-24,-0.6966662391422963,-0.3841856166478658,-1.7365521020921661,-0.06737507506364666
2001-01-25,-0.7529316955186015,-0.6336581253115916,1.961988237447218,0.6269376505862336
2001-01-26,1.0852916974425535,0.6390585104788707,-0.13651136229865746,-0.08058767659365997
2001-01-27,0.7390211344659018,-1.6254229597292005,0.2751743848302708,1.2180761114240728
2001-01-28,-1.1267087164475345,1.8648171335311874,1.576642917210101,-2.6712482283302736
2001-01-29,0.03480679179541326,2.2011546068614787,-2.6181858803022955,-0.66317188576
2001-01-30,-0.7553346526224336,0.38017622699629117,-0.9952920811305138,-0.5356212585600251
2001-01-31,1.9018077061244825,-2.2973326550512363,0.947709143797017,0.8624816528160305
2001-02-01,-0.7574727936986224,-1.2888435584173508,-0.2540735812969013,-0.9950441876243208
2001-02-02,0.9476182250260274,0.5365622391122551,-0.3004023509216084,-0.5615452041447156
2001-02-03,-1.3686901850808546,-0.043225437112695574,-0.19825030664462517,-0.3004211631524294
2001-02-04,-0.36093544647536685,-0.872171931796905,0.13355574167982934,-0.6447335112222626
2001-02-05,-2.221771491992725,-1.8694636499432187,1.6357452448698409,-0.2081284650493542
2001-02-06,-1.4756441700579654,-0.590981184557125,0.7288591786156877,0.10741035246185245
2001-02-07,0.8325852354552478,0.5320969498557012,-0.5022513758417086,1.1650677270163103
2001-02-08,-0.09610016576471023,-1.1201720453074737,1.9126573006141598,-1.6124654579349493
2001-02-09,-1.6414519015957847,-1.8136380767573392,0.33376011820226203,1.0505110860026647
2001-02-10,0.592851752997861,0.7748410179523275,0.7511589491153883,-0.655404744871929
2001-02-11,0.22593727648265524,1.523665469991642,-0.5474601790562428,-0.2812843672950399
2001-02-12,0.4213851454423476,0.24075025159670985,0.5409672089940238,-2.395019198415801
2001-02-13,1.064579581048207,-1.1535466929027183,1.8908732146180531,-0.14624959825231643
2001-02-14,1.9074507635294553,0.9364486203383485,-1.2008702709806625,-0.34785317708156605
2001-02-15,-0.5079121321325875,-0.7322734421313073,0.09008063907444507,0.9351885618814575
2001-02-16,0.36852981168889887,1.1972341025939346,-0.9334919298928165,-1.3454528647312147
2001-02-17,-2.184617519920109,-1.25312380411156,0.02380795213439118,-1.5553054209455996
2001-02-18,0.6635003022766542,0.11094266084698994,0.5063381033376874,0.4455350026410324
2001-02-19,-0.8977754981962719,0.47833468905190235,0.10773418470424767,0.5619177654272544
2001-02-20,0.48118348562961333,-0.06300836710495714,0.6230859895827249,-1.2767609863708795
2001-02-21,-0.5664844564864424,0.43581732399035805,1.3530928686965435,-0.24313264731659592
2001-02-22,0.3252839117123907,0.7526851079057411,-1.203393211185917,-0.2543605561136413
2001-02-23,0.36584981176276204,-1.442401342621054,0.1113335130135775,0.5677959028995203
2001-02-24,-0.23413600088916015,-0.7058743275833033,0.06386892444992977,0.9270653588742217
2001-02-25,-0.5642907766410988,0.1296286325414474,0.06285740805083732,1.474915161961559
2001-02-26,0.35162789961440294,-0.25705988401861635,0.6102511117245599,0.2826544392603452
2001-02-27,0.997029359522176,1.357109674384951,1.433179041782203,-2.268972017693925
2001-02-28,0.49160734263474987,0.232870674499299,0.17864841590235714,1.238848501462421
2001-03-01,-1.2705029551570648,0.2973328159395364,-1.112787027787416,1.1629840274741245
2001-03-02,0.24275954224440846,-0.9244355534128675,1.2793862848566482,-0.27810206220376243
2001-03-03,-0.3301284539911648,1.5880583362800111,0.8566349394960875,0.2682186422003642
2001-03-04,-1.0990364871096725,0.154925063280036,-0.8963017023969194,0.2327312559267316
2001-03-05,1.9461558764499265,0.6130242051279295,0.3242017841163184,0.4676704751186659
2001-03-06,-1.0416869315109192,-0.11825661392942073,-0.878607158246469,-0.08141522862744922
2001-03-07,2.238336184886408,-0.9016732522496456,-0.44353967033033626,-0.3748462246959483
2001-03-08,-1.4149536348246186,-0.03719838372273847,1.2478429828455333,1.099311899700156
2001-03-09,0.9382852518759208,-0.9665498527736518,0.4950710111200764,-0.23147979412715586
2001-03-10,-0.07226703240936955,0.5349176956102831,0.04908668075967185,0.9108136391709598
2001-03-11,-0.5513954749092488,0.8955035683784573,1.08876219191322,-0.12159469858879308
2001-03-12,-0.6716661296481743,-0.04814631154413355,-0.0401605758807467,-0.33124957966015117
2001-03-13,1.1857697591191134,-0.6647565933086673,0.799264042655825,-0.08740625963439809
2001-03-14,-1.1994942617993887,-0.45843714907587435,0.6723036602368755,0.29000549359924904
2001-03-15,-0.17723292739251045,1.647383451596761,1.181053997085813,-0.36682516598743364
2001-03-16,1.318690999961002,-2.3029561085215167,-0.24608756166664753,-1.512105251029178
2001-03-17,0.3821722262433324,-0.6026985400168443,-0.9608814034970171,0.31971832381150894
2001-03-18,0.179022456990809,-1.3574146577287063,2.3809322624192593,-1.275893307952095
2001-03-19,-0.6032800022916383,1.6101821906977953,-0.12469505744469142,0.5234082443168994
2001-03-20,-0.46189379142464765,0.4667609986876833,1.6157411133412423,-0.7050930058180062
2001-03-21,-0.7884565219102826,-0.6615045678887984,0.01757417825389978,-1.4402822725251483
2001-03-22,0.48341167291705855,1.4134842944191794,-0.4025196723397393,-1.530532000431576
2001-03-23,0.07524680898060955,-0.21055476701665418,1.9176878648194393,-0.6786104175858787
2001-03-24,-0.12138803863887535,-0.30353634856944284,-0.44341802004143854,1.9916680408531007
2001-03-25,0.8446933799424359,-1.7161671045162077,-0.43902917250271767,-1.563861287556753
2001-03-26,-0.909432906091032,-0.481676618004416,-1.393737400040966,-1.3555853216894551
2001-03-27,-0.10442391302576827,0.6459553187885321,1.0621644764674518,0.1954712434825621
2001-03-28,0.6352161376777851,-0.812578511792668,1.154720790593442,-0.8610076940676649
2001-03-29,0.4946815897111991,1.055957593349816,-0.9850773416366843,-0.6357311900912174
2001-03-30,-1.2103210085005978,-1.3475784536942885,0.06778792064722734,2.264289532988937
2001-03-31,-0.9082264527639473,-1.1762345349131071,1.2892715814043942,0.4874695678230048
2001-04-01,1.8926649128014938,1.2535389768000103,-0.043109308101676326,0.5139304713772307
2001-04-02,-0.657101022822298,0.784282297512478,-0.10240845596511221,-0.610042507768523
2001-04-03,0.05348053686396595,-0.8350363403871797,-1.2601317775707443,-1.5364878638774488
2001-04-04,1.4650788983798269,1.228385119996302,1.649274718692972,2.32111280091196
2001-04-05,0.27209543964155697,-0.4478534417538558,0.7299411922664116,1.9086771017913908
2001-04-06,1.0563044121669454,-0.6776287642910144,-0.9065717490772509,-0.5577705301627879
2001-04-07,-2.419809928716799,0.6043483297150474,2.028679625772243,-0.8496874065000481
2001-04-08,-0.07734264186693919,1.0616610580872246,-0.16604609887057828,0.21747082590887215
2001-04-09,1.2279839366985488,0.5962924619888015,0.6851173346022428,-0.08579648481064756
2001-04-10,0.32121211438875175,-0.04671928660108542,-0.42763108712704695,-1.7137902087612442
2001-04-11,0.507538781699989,-0.14791260899558706,-1.5076759175460714,-0.5377689489096487
2001-04-12,-0.4586726486535869,-0.9727935614864796,2.430710156272994,0.511470276821586
2001-04-13,-0.4593953449824995,-0.040790279807068425,0.6032050345782538,-2.527402304949882
2001-04-14,-0.14530881557558656,1.5978981481777268,-0.28369851258571305,-0.3881138257118281
2001-04-15,0.1299909490552701,1.452612384644588,0.3175102600246895,0.39012696805298913
2001-04-16,-1.4113928254688173,-0.8246627989543808,-1.498498995073327,-0.08122659755203031
2001-04-17,0.3505946529688058,-0.8493433056572645,0.8013140793227975,-0.7953826516193115
2001-04-18,-1.8086645900224796,-1.200935765977964,0.7985572654210955,-1.7809333368802611
2001-04-19,-0.1160397144855025,2.8893964617304304,-0.6398347614681242,1.9983830857531564
2001-04-20,-0.6803868854732955,-0.8155085396822681,0.5122866584978226,-0.5495131895640035
2001-04-21,-0.08185500728051906,-0.9794555051112834,1.180996702061959,-1.233675186822802
2001-04-22,0.8037400820084739,-0.8771029536822385,0.5179818799494005,-0.8142371544280246
2001-04-23,-0.17727141845677433,0.27232548127063755,-0.39754386107103207,1.3156260787211236
2001-04-24,-0.9936977428867141,1.2730761507269583,-1.435377230765282,0.7837184950859315
2001-04-25,-1.791326407835604,-0.11388806478623588,-0.060789511081241185,1.8213441925404559
2001-04-26,0.6384963719038708,0.36901075746339956,-0.4461900029504335,-0.8647139569693058
2001-04-27,-1.1091958446294956,1.9064146546031135,0.46149905319244233,-2.521825724984793e-05
2001-04-28,-1.6641802289272236,-0.35232489555599916,0.08030896539883813,1.0153204628215124
2001-04-29,0.7232980154633548,-0.23356333935177545,-1.5900159637090394,-0.4573061328396778
2001-04-30,-0.6058139666913487,-1.4625918661601425,0.9352174726591256,-0.6807722823199434
2001-05-01,-1.3196221275998616,-1.449599519542614,-0.1343917148791239,0.5482673516378761
2001-05-02,-1.3201770919560643,1.5702418251237704,0.5415627386171594,2.6603127409844824
2001-05-03,-0.1781760836905045,-0.2347452552030894,0.7310969014813383,-1.6959617104608629
2001-05-04,0.34649657190671684,0.5317071531564523,0.8665762590513831,-0.8526227351664114
2001-05-05,-0.08127722257950053,0.5284359417406028,-0.6090113746769031,-0.41995050900584135
2001-05-06,-1.3657522979044012,0.689100332050889,-0.0906768103129499,-0.4347789572590292
2001-05-07,1.3246983728187214,1.4631951019272085,-0.17575722921120254,-1.3733826910651992
2001-05-08,0.6219323115832419,0.947103357899536,0.8966459386062317,-0.006745869025604892
2001-05-09,0.9741984432927596,-0.5644605316883581,-0.0920134642534086,0.8650432614736148
2001-05-10,0.24457301963275055,-0.08907707057540065,-0.28503015313073926,0.5555858734221077
2001-05-11,2.1001298272174567,0.43897686558128357,1.4065009852484966,-0.7206790486501926
2001-05-12,-0.916337174784337,0.16283579514796817,-0.30067539556710765,-0.6953535558130417
2001-05-13,1.7839547400395532,-0.5701207047654631,0.3735895064559543,-0.0033572926555108977
2001-05-14,0.9567711066756153,-1.4738888081202712,1.2237200053183515,-1.2065377886339337
2001-05-15,0.7384555473002488,1.3742088790439015,-0.49025940414682345,0.5237044843199857
2001-05-16,0.136991138866791,1.2208671356363479,0.5281213721551105,-0.30330822453239037
2001-05-17,-1.5940835286923363,0.16197075724271418,0.3557155192130282,0.5755950215826446
2001-05-18,-0.5437043062690987,0.8085157078806895,-2.005917376237419,-1.1640131261656261
2001-05-19,2.2739018326852456,1.6633997459834169,0.9350153478736265,-0.4170422833322694
2001-05-20,1.3203786039537577,1.0468807847719752,0.7951791796788957,-0.03002390029055831
2001-05-21,0.11053489449776407,0.32225457336677105,0.05161605775360791,1.1167742062338026
2001-05-22,1.819156801096642,1.0859124145231107,0.1057883905196534,0.8346589859270455
2001-05-23,-0.0798008414093046,0.19396101083582268,0.5171867121266782,-0.45818814983891015
2001-05-24,1.3075089947295304,-0.4694148805142932,1.1554658646118954,0.524698073416489
2001-05-25,-0.7336753125768533,-1.8679168092265195,-0.1492909823490652,-0.044558188577903106
2001-05-26,-1.8658651414370104,-1.2755488733523959,1.0717080662726906,0.9683256094846634
2001-05-27,-1.626723264086294,-0.9175711832335514,-1.04679903713407,-0.012732791784934831
2001-05-28,-0.9406774988780008,0.43084630074818164,-0.15152463020017998,-0.09441359705935505
2001-05-29,-0.45512632269081027,0.9226791932044262,0.2667514908644131,0.33878801222632704
2001-05-30,-0.21777354210706767,-2.0577217896833804,1.3766515985451568,-1.0397472568014636
2001-05-31,-2.0798289139851827,0.22018466519001842,-0.9698404209722653,-0.0735416877053519
2001-06-01,-1.413527371150206,0.17921689558584517,-0.3387961391150492,-1.2042470714569729
2001-06-02,-0.1418033930872359,0.23867073284698126,1.5078327992929055,1.2144099687300216
2001-06-03,-0.6084494553864673,-0.9936791003001265,-1.0299187618425487,0.2973084986804243
2001-06-04,1.8154123808575797,-0.17968270992711474,1.0441012187152419,0.04749041198233062
2001-06-05,-1.9662213640864343,1.5390677618360642,-0.8375946196635395,-0.6227646442759319
2001-06-06,-0.8553286697642118,0.956257867803608,-0.05574300814757617,0.3659184958002539
2001-06-07,-0.7714853829475563,-0.6164862461824168,-1.6927992945633792,-1.4784804078860379
2001-06-08,1.7288000366710523,1.353002791899715,-0.6877682166676796,-0.4107301948173294
2001-06-09,-0.3149733523483185,-1.5344063037157838,0.5736030404414469,-0.866312660004849
2001-06-10,2.5819332506730808,-0.07428096128007299,-2.3362617979597795,0.20287962153747469
2001-06-11,0.06294197034743379,-0.997293274605656,-0.5412309197922505,0.14046519598047308
2001-06-12,-0.576574373476823,-0.2245140173068204,-0.12924742775696832,-0.5399911657560613
2001-06-13,2.3003946492219076,-0.7430279163328906,-0.35612263134731315,0.1741834731430444
2001-06-14,-0.33821395010013616,1.2263889605590645,-0.5327360946148602,0.2532994290512418
2001-06-15,0.9691673508810315,-0.19306653175968294,0.7263523487607754,-0.4092868142538299
2001-06-16,-0.6717534583326901,0.2866437882545387,1.9674520643856903,0.4447629603499507
2001-06-17,-0.6162797607057877,-0.5981575943308085,-0.26233077990762593,1.9017397532855267
2001-06-18,0.1347771272446149,-1.030509823369768,1.6296157502169295,1.1969956308863157
2001-06-19,-0.10252481652185251,1.3214416950634822,-0.12972114486038228,-0.01165800751398252
2001-06-20,1.7489847442549211,-2.157478797419579,2.8310111492429106,-0.5302794521769114
2001-06-21,0.9132136692315014,1.5272880922458962,-0.23825627757345053,-0.9699595958326076
2001-06-22,0.749242130525283,-2.3763045356153607,-0.5767733900764781,0.3537224121243197
2001-06-23,0.7298780011438901,0.1860181535744987,-2.0059876996210138,1.2325394017006468
2001-06-24,-1.49179532642523,-1.7919245500981358,-1.3828210151529174,-0.9258526869074066
2001-06-25,-1.6649046441969422,-1.5855194881433092,0.9950441667032964,0.7006999304525989
2001-06-26,0.46421177450854023,0.1706999004314059,-0.7495571164661914,1.5972509736002085
2001-06-27,0.35804830471679344,-1.2904324586612903,-0.8318005916825861,-0.35654337229731425
2001-06-28,-0.17340847046051375,0.0653217854126633,0.10345658696648631,1.6964864276960134
2001-06-29,-1.045716750324701,0.40640061799328914,-1.1125796578911322,-0.8676656264215735
2001-06-30,-0.2054126443454492,0.387985791933944,0.9188988295583911,1.2667075081529113
2001-07-01,1.0422730213971234,1.152475404495927,-1.450636951920673,-0.8111218369082396
2001-07-02,0.9351694817706763,0.1344974241884005,-1.1171464676264997,0.16478044429545124
2001-07-03,-0.43331234372349564,-0.9593705328744132,0.716924918435182,0.6133607543616892
2001-07-04,0.47666553218051255,-0.44867950763895675,-0.21868806398457755,1.3004108814588065
2001-07-05,0.6699003056499849,-0.5357242879552585,-2.2510389068650545,-0.013277840521618761
2001-07-06,-0.6094437534668826,0.7366563376208005,0.669692630136641,0.10767363978486919
2001-07-07,-1.6316027012697498,-1.7193209135211582,-1.9267062048363517,0.7227947989620183
2001-07-08,-0.14453107585412692,0.5348430198077239,0.15699405305162414,0.33359492920343947
2001-07-09,-0.020442081750500933,1.2159074502347127,1.5265944415366515,0.9205653175853395
2001-07-10,0.7584653894763848,0.03918912804031486,0.27858390669488853,-0.24860284741417452
2001-07-11,-1.1399433346591064,-0.07537711483912124,-0.7736581520441991,-0.2630826111906559
2001-07-12,-0.21066051137115477,-0.7726961373113722,1.247558154139432,-0.029480852610465128
2001-07-13,0.45479835380466144,-1.2428142583992068,-0.948970613681609,1.7866971965049425
2001-07-14,-1.3657352294560392,0.19715771981620073,0.5562660302448185,1.0660119106398391
2001-07-15,-1.0814471422026313,-0.28893466709490634,0.44301144376728646,-1.2637482805822429
2001-07-16,-1.6126703156503006,0.2023617186300025,-0.30776603636296507,1.3669322305028302
2001-07-17,1.3458397822954185,1.1295406057025408,0.7141239958964786,0.5700418123002962
2001-07-18,-0.20837301141772493,-0.07995450694307264,-0.7934303352015183,-1.014254641372136
2001-07-19,-1.7538320509926604,1.1154597042231942,1.0890268437292145,-0.46864902541728254
2001-07-20,0.693515167344284,1.229069384633903,1.081737123046111,-0.7445823601153243
2001-07-21,0.3196578980959296,-0.03879186208145738,-0.05115362574000394,1.2287863589267585
2001-07-22,0.29591316531092515,-1.3709805635350838,-1.8719268221063008,0.5314131966485409
2001-07-23,-0.24579312513248938,-0.6599335509971455,-0.7454396529809444,0.24533025046990212
2001-07-24,1.9571696540169896,-0.7493333991025397,-0.39034651294580497,-0.11462267825586271
2001-07-25,1.176944525383968,-1.5956261440900774,-0.6699860166375964,0.27217450028477796
2001-07-26,1.0490725486915857,0.06947730229701457,0.8320507407149952,0.7907108549270552
2001-07-27,-1.1501861997428686,1.247190308239834,0.8556952054251046,1.0247552258560724
2001-07-28,-0.016523564694391094,0.411171260650958,0.8182260754326338,-0.2004746938802193
2001-07-29,-0.26521679730144937,-0.9549682587787733,-0.09830260190855448,0.8437059003705982
2001-07-30,-0.854698760733022,1.324614324904761,-0.34310348073226077,0.39385779910668395
2001-07-31,-0.5874034109329165,0.1641452723764978,-1.58542150766901,0.9740762221757386
2001-08-01,-0.03092744259129208,-1.3485159867706662,0.6824240818664759,-0.44347030194371156
2001-08-02,0.7386854771560131,0.2962153524585906,-1.5034035794049947,2.650996669242051
2001-08-03,0.5510443138661699,0.7658352233042363,0.17092972106081958,-0.7261475391893825
2001-08-04,0.3920457087963731,0.17951652336728197,1.5538273634005544,-0.7113444579541712
2001-08-05,0.7563130865612248,0.8318122969885363,1.3607330646434102,-0.059403745780720746
2001-08-06,-1.2970714026620846,1.1329726635038302,-0.4274845316518835,-1.3543284916815161
2001-08-07,0.016696003908533773,-0.8866122837187709,1.1387671734800429,-0.74177065040413
2001-08-08,-0.4839783173697517,0.721297298890656,-2.5584897203163477,0.8195580144314978
2001-08-09,-1.4656304102813318,1.0384828664394963,0.23017425341429576,-0.3378987347658112
2001-08-10,2.211123039761334,0.42336217961928213,-0.5134365870833794,1.0489840563752302
2001-08-11,1.6684705865284628,0.37418502525734004,0.35457396588477286,1.047070616493535
2001-08-12,-0.6617552055305013,1.0459774931140193,0.04038769852503467,-2.1788347173042193
2001-08-13,0.9236056373633935,-0.2911493669543924,0.7308636405831793,-0.7790900607058238
2001-08-14,-1.6346205380259284,1.7157290893946324,-0.7843842021198972,2.047524695257272
2001-08-15,-0.4397870751926107,-0.6909693604570817,-2.019634043264348,-1.9921060999860842
2001-08-16,0.6452198877008003,1.3754768708853387,-1.8401310287040273,0.5272790346036115
2001-08-17,-0.8270295686481812,-0.8424342399677017,-0.16239002215626636,0.5696528678696882
2001-08-18,-1.9135406172178324,1.9477027185637958,1.0338525842384452,0.4774625534854528
2001-08-19,1.5177597023874192,0.01273154450694332,0.29622813533896564,0.3105198244874915
2001-08-20,-0.23503619839432524,0.9484136662483388,0.5122375652080121,-0.2220906575491561
2001-08-21,1.8583905858540717,-0.4022287454851395,0.22488712362708016,-0.5243468689157526
2001-08-22,0.18427277625003344,-0.6572481888291627,-0.28155195455851595,-0.2653702388528158
2001-08-23,-0.6000468732892298,1.4705037181325926,-2.356845188192906,-1.7250629033106852
2001-08-24,1.0658691327083298,1.045157647554849,-1.816527476994859,0.718469244032617
2001-08-25,0.25940321669532224,-1.0928014844626504,1.6806213543803317,0.7959157911993959
2001-08-26,1.2402825764012633,-0.046974720531670316,1.3170410482955552,-0.02433422564324077
2001-08-27,-0.6926402115339035,1.3271356018889062,0.673676496331469,-0.3841077084661889
2001-08-28,-0.22639394661841522,-3.016143798267695,-0.35394724105561937,-1.2275993758574835
2001-08-29,1.9182182262202585,-1.3523123359991067,-0.9860168438024624,0.27903996673319786
2001-08-30,-2.1653539215090762,1.37218176793739,-1.0216933632663454,1.2565349645051798
2001-08-31,0.6705586414833851,-0.5956003346186238,0.8562330141939685,-0.5827421399260281
2001-09-01,-0.3038402606300478,0.7793439418465818,0.009613029939680804,0.5631846371611802
2001-09-02,0.39030551869607294,2.294375790939775,0.7219412020236843,0.6089799025239845
2001-09-03,0.004941554033020744,0.9281727439660947,0.5357255373769557,-0.6308486658208319
2001-09-04,0.6183661652273935,0.9762583785159991,1.2019626342726621,1.6231997460780494
2001-09-05,-0.6578802736994739,-0.4962152050850713,0.3210052307970236,0.8771463048631957
2001-09-06,0.6883123033903893,-0.2642671517403294,-0.7110989985233351,-0.2624294270685297
2001-09-07,-0.4000849105261603,0.8489512396657191,0.9219416439466811,-0.6392757581513643
2001-09-08,0.32888063218825503,0.9749386783530651,-0.8834435949313847,-0.8101830506217769
2001-09-09,0.37771408345057716,-0.0944589333409473,0.42707405771614054,0.8226036209900167
2001-09-10,-0.07750390632095605,0.5635237033565937,-0.27947253668241157,1.9837498011814827
2001-09-11,1.5212017348999278,1.0614076902171303,0.27128418618605843,-0.020904631359713575
2001-09-12,0.6220862070995804,0.6258528859387392,0.1964933953734319,0.4547066874317266
2001-09-13,0.8742649879967727,-0.2970557193083223,0.37535352414500417,0.09118271129997
2001-09-14,-0.30804488456573703,1.9976155773840187,1.0680944541883428,0.23616341421880097
2001-09-15,0.33019228991253524,0.012285937879508007,0.03017670257823308,0.8219086114381675
2001-09-16,-1.7765479402460038,-1.984035769464598,0.00032723972381809,-0.4994482544770955
2001-09-17,1.4526508137086198,0.24267633181500667,0.9629193156024225,0.3831485633907644
2001-09-18,-0.5424880522726788,-1.547400753407385,0.3291787375294123,-1.100329241881349
2001-09-19,0.7621388255785949,-0.6742329235065505,-0.41137804881315493,0.21342099660602068
2001-09-20,-1.3145810842899033,0.564878826538878,-0.32583264547673957,-0.5533246027226149
2001-09-21,1.231869018662016,-0.20315944863184435,-0.3241873222564438,1.3541102113747556
2001-09-22,0.7850401262900489,-0.45105547734765966,-0.09880485065137466,-0.5097985718595099
2001-09-23,2.4520469195914143,2.478351623145477,-0.4000541683098273,-0.573114880659536
2001-09-24,-0.716643012458004,-0.2606939576293943,0.13897999530669955,-0.5645302434239005
2001-09-25,0.1400333738723473,-0.3665813832929937,-0.030144982008960198,2.7167590035651057
2001-09-26,-2.0691067874846283,-0.7946381156236291,-0.6979173791676895,0.2582087171352207
2001-09-27,-1.981192038747507,-0.09545324136892643,0.7200601998180369,0.35628488384623347
2001-09-28,0.37520021892971045,0.1405508749974312,-1.4655449573456383,-1.1596043563797254
2001-09-29,0.7699313404880093,0.2445035291558384,-0.9115351903656601,0.919554191645411
2001-09-30,-0.5776437589067427,-0.7545677906162616,-0.2689957931853169,-1.1455072539221731
2001-10-01,-0.25032658154715165,-0.7894855376625302,1.236182219940542,-0.034195047123072385
2001-10-02,-1.5157519632349157,0.9866399295956266,-0.7527046822562775,-1.9048565455107846
2001-10-03,-0.7468056420132394,-1.8487641850457033,-0.012861052163378364,1.3432719069033419
2001-10-04,0.7708204808022682,0.127011955274678,-2.168248540851818,-1.3927163075529947
2001-10-05,0.43655222272027305,0.9703281726070287,2.2676499139581434,-0.5189083625214221
2001-10-06,-0.8854743201669887,2.840281240113516,-1.4908216053211443,0.2525069219382793
2001-10-07,-0.7237047147792298,-1.0668917501295363,-1.0798942068257054,-2.2387714561056433
2001-10-08,-0.1840928595347986,1.1444733281834074,-0.9555537837178564,1.2807739604457948
2001-10-09,-0.9414571962909449,-0.6457745234153518,-1.0120823853581293,-0.6649764129249242
2001-10-10,0.47982562080602476,1.692461259895544,1.1800444268460721,-0.6586004353222085
2001-10-11,1.0857139843536583,-0.9860996723231348,-0.3817457347790797,0.8659893611434522
2001-10-12,-0.9567868665831597,-0.2893550016235205,0.10737334874610512,1.4765988490348931
2001-10-13,1.6777100799156546,1.0400527696708708,-0.3136278250567497,-0.15307500435500898
2001-10-14,0.2679354010947683,-0.5164054729043739,-0.7947419379943833,0.2496998109426958
2001-10-15,0.29220211484745423,0.3269765451164735,-1.082702529494175,-0.45051951915479627
2001-10-16,0.1056561505587602,-1.2717746732312714,0.4968753703023098,-0.19192816325713297
2001-10-17,0.9430013971954401,0.1093862159407401,1.2428141732183504,-1.2662857247212043
2001-10-18,1.2993192622504615,0.8635143005458512,-0.3208339302490774,0.2593673178747346
2001-10-19,-1.856633125054448,1.1306705722704424,-1.788102925788467,0.7739624568228568
2001-10-20,-0.06865358492568775,-0.7200784301949678,1.5709470364517257,-0.7520586940307481
2001-10-21,-2.0183736566819146,-1.272686637801626,-0.7927775911536088,-0.24437834683758586
2001-10-22,0.5601524043900543,1.8848919700869702,0.8904535571506954,0.11831167688860068
2001-10-23,0.622853983441417,-1.2197328744664342,2.2354777218857227,0.7262782966085778
2001-10-24,0.601883913698363,-0.18242392193402013,0.05603745062714365,-2.408880172906738
2001-10-25,-0.6157794223940791,-0.23857396036670833,0.1346464586725801,-1.4576524831895112
2001-10-26,-0.4413597694954274,-1.020593079908295,-0.4200217068487516,0.4573069709480639
2001-10-27,-0.36074054330887123,-1.503290129259131,0.001727961739142372,1.0852150219613617
2001-10-28,-0.5762728450689457,-0.9997313012940843,1.393531885791414,0.9725846613880733
2001-10-29,-0.019098275718939052,-0.009688708715879605,-0.28713753814787013,0.6520297477010948
2001-10-30,-0.15667009180464392,-1.1519295404836911,1.0644989061779409,0.8094851075924526
2001-10-31,-1.5498287876281442,2.6451071701490076,1.5989635395269892,0.7474252441152875
2001-11-01,0.32184980857982864,0.9686590462263478,0.7410940798219381,-1.6605030334606374
2001-11-02,-0.32483652165240207,-0.45570470878522856,1.285996604723917,-0.9769563116023913
2001-11-03,-0.37231154824123586,1.5951741755684608,-0.04303631552343234,-0.22514618418042545
2001-11-04,-0.8670150808730436,-0.9932374568428164,1.0207726671959219,0.03506409095961383
2001-11-05,-0.38465792134023696,0.22568479422061927,0.7735986453925097,1.1243900705013077
2001-11-06,0.6551866511946035,-0.6907025580877388,0.7046673841204429,-0.5770258732490088
2001-11-07,0.729507520749162,-0.7473785953715606,-1.9428200708529875,0.9631894931588781
2001-11-08,-1.4451610264359869,1.895064809451931,-2.1728176983918797,0.3892321857282296
2001-11-09,-0.893099712077523,-0.38015477463803454,-0.7622682137081207,-1.295242355277219
2001-11-10,0.4618206384721787,-2.193042219940413,-1.9371518273529733,-0.4869927850965684
2001-11-11,1.3912428174195581,-0.43923931227671426,-0.14301134582785985,-0.11587670536101241
2001-11-12,0.6511166386108084,0.6893696510469084,0.8234776406889923,0.6839538653845106
2001-11-13,0.05782070104488435,-0.2240192412824127,1.2372293845366993,-1.3467543642258695
2001-11-14,-0.3890391256588443,-0.35240208487431773,0.3841018797749403,-0.2851799171766254
2001-11-15,-0.5647130195964054,0.5324683650371922,0.5361925688264019,-0.037913999048514925
2001-11-16,-0.24514141847050488,0.6518128805865785,0.9618673055507957,1.8151812816600135
2001-11-17,-1.028572661574936,-1.602576235093085,0.494886275949121,0.5243531548666606
2001-11-18,-0.38342272189212184,1.025901842551131,-0.19886998323387745,-0.61730154294436
2001-11-19,1.1453552052326297,0.8739183615657917,-1.4884227600155442,-1.130610849630162
2001-11-20,-0.2639776652595088,-0.30590045049264075,0.49148356305739466,0.6908309960679031
2001-11-21,0.6651775525247086,-0.20532388565377735,-0.3931846725480985,1.0081356741150533
2001-11-22,0.21652621589831786,1.7557115849488967,-0.8472726870289315,-1.0393318517009817
2001-11-23,0.09861830047888372,0.20916565204862264,1.2264830308539727,-1.867527590980529
2001-11-24,1.5526503549727102,-0.3244937886142597,1.1194259704062526,2.417712609734773
2001-11-25,-0.12946617834403226,-0.8656490007574267,-0.07573794416083306,-0.6010564469099158
2001-11-26,-0.19371954642878214,0.600937435453702,0.003746962744339403,0.35365179086910603
2001-11-27,-0.9296099879721439,-0.6315390458838307,0.4625724301020875,-1.051483620777134
2001-11-28,-1.1283107348336319,-0.4996922271259381,0.13465535646730176,0.9464755449310941
2001-11-29,-0.4904439117419557,-1.4148092575245215,2.6624748517879087,-1.1186052128892636
2001-11-30,-0.3171007688561614,0.5010501025753286,0.5322472315407069,-0.09637798384191754
2001-12-01,0.6762983205791072,-0.9765473894514906,-1.6720691717507836,0.3869970982650039
2001-12-02,1.0016623280109993,0.4525579080776623,-0.6714090010279024,0.28477536923217206
2001-12-03,-0.9017485975717089,1.6472352262418672,-0.6718999928871358,-1.370140063542496
2001-12-04,-0.27375012564084533,-1.3781984836614918,0.2337127984251663,-0.8214358650348396
2001-12-05,-0.8096791242629479,1.0058677026566338,-0.31837823677711424,1.0421594675831234
2001-12-06,0.2075739959804922,0.6121327539419487,-1.1751836070226536,-1.003388097750857
2001-12-07,-0.0013237743909904707,-0.8826784266040785,0.40295858662133277,2.070494311186128
2001-12-08,1.4301635581716987,0.6939271712375342,0.6158604085727056,-0.3726338357820513
2001-12-09,0.9254848767198903,0.2962556182442416,0.656871108458784,0.21720169708931636
2001-12-10,-0.8014317574712875,-0.8282955586870264,1.2622864510701228,-0.4635193280058808
2001-12-11,-0.303291956141689,-1.8098307175720003,-0.5068247862660301,-1.9353759854578
2001-12-12,-0.039729095729538796,0.6891661250626563,2.2459936041693433,-0.34173970757301686
2001-12-13,-1.4309840751053116,-0.6360576535906243,2.678416914158924,0.7226478495607979
2001-12-14,-0.7276337546638155,-0.12588120406838169,-0.9168768855920439,-1.0343078219657875
2001-12-15,-1.0654525290862622,0.6071696564497068,-1.1814008362868447,1.2255127744881629
2001-12-16,0.5496284138668045,0.27330619999026917,0.7073176002973185,0.006914468740320563
2001-12-17,0.26057034845670024,1.522860196375628,-0.3893634067324656,0.14104628504540892
2001-12-18,-0.8861875871897134,0.49616423865879233,-0.26629741005477764,1.950843709961932
2001-12-19,-1.139444326299685,0.4081597656826652,0.8915960159570744,1.1362670700203035
2001-12-20,0.9780598830180579,-0.05942634573159252,-1.8706800607871248,-0.19249297854721806
2001-12-21,-0.5844515969169736,0.19967724039286358,1.6351204161531225,-0.6764124767730775
2001-12-22,1.4280380233173715,-1.5726728378689097,0.45541352213902536,-0.05318837522910215
2001-12-23,-3.3886568378174085,-0.13301542478253145,0.5557295161729651,-1.3374311577482316
2001-12-24,-0.5453112876166637,0.05322117052762032,0.3700081147503554,1.2175596160282713
2001-12-25,0.049647866351544445,-0.16321500458913055,-0.21689118775725513,0.989747988335018
2001-12-26,0.525347336868944,0.9034106599968146,0.08490069418254946,-0.16970872389408062
2001-12-27,0.6642306213348621,-0.9589811018760048,0.25556906683774394,-1.4078849565533735
2001-12-28,0.8918018919870034,1.2291377044257525,0.5248116637907302,1.5597668963830433
2001-12-29,0.4280050475168482,-0.4593202204967334,-1.1112406627344522,-0.5025877257398252
2001-12-30,-1.0633030829052006,0.5569828294265338,0.7958927879782605,1.3579276188075748
2001-12-31,-1.0261039763346222,1.0467589318579784,-0.5179156204642426,-0.12026138553957803
2002-01-01,-0.8362888288408225,-0.5751966579447225,0.485142860506647,-0.7616152080801057
2002-01-02,0.8613664606836031,0.06756985981262108,0.13814405146794384,-0.873560792541355
2002-01-03,-0.0245901345612911,-1.6136542294000982,0.582591911880517,2.052089176073309
2002-01-04,1.324168557152195,-0.06333200173902072,1.383925999402145,-0.7718764040632696
2002-01-05,-1.5281596852104191,0.5273263538990951,0.6915526596722582,-1.8138154462512575
2002-01-06,-0.7859130232732239,-0.26113089922609894,0.31532343427931525,0.5773347933319986
2002-01-07,-0.9665810796797458,-1.862440540112921,0.14974738253556455,1.4268555331690316
2002-01-08,0.08210972216759355,0.9818736528480277,0.4269831333422146,-0.05499503645168841
2002-01-09,-0.13417127704626988,-0.07111945747595909,-0.5518585733882904,-2.0426310600120767
2002-01-10,0.4763220811104619,-1.3342705624420526,-0.6877403919699843,-1.2040945794836853
2002-01-11,-0.8281484493627037,-0.10514960332724785,2.103025633449924,0.13804506746423234
2002-01-12,0.4819125557034744,-0.5313812437493423,0.06566604018025822,-1.0926676504995576
2002-01-13,-1.8426282769992004,-0.04068252982704346,0.17102436484841663,-0.12899895145316173
2002-01-14,-0.43249945182628624,-0.4975719176907243,0.5873838109054874,0.5132066293281586
2002-01-15,0.5591916237004283,-1.4213117933762753,0.10044544618547219,-2.68160571266743
2002-01-16,0.1156678427317237,1.471003171048265,-1.1254807177938353,3.058676383585898
2002-01-17,-1.2428283948327943,-0.8914845432449972,0.3761858997397423,-0.2939259396829893
2002-01-18,-0.8668766935642166,0.26988414851504106,0.15751281621216745,-0.4336826075834246
2002-01-19,-2.4911333753945293,-0.8708499394545929,1.6427019566030627,0.9350245335437248
2002-01-20,-1.734931920994008,-0.9478971779966604,0.022272176365127936,0.2424010607892255
2002-01-21,-1.3330861913491694,1.2184803672898332,-0.046084599539120356,-0.7003370334425855
2002-01-22,1.464356413836964,-0.7686514428701637,0.3226583406443656,1.9350970341640534
2002-01-23,-0.715760300835724,0.182576428218503,0.23246248301951333,-0.40908370134816713
2002-01-24,1.684688461616483,-1.3013991084353225,-1.1963929119122052,0.7023414577174231
2002-01-25,-0.9738020635787772,0.2927964151130862,0.4313686057989849,-0.8384062012225653
2002-01-26,0.46443042854979655,0.7194787845904337,-0.4890200945292032,0.43187589804005067
2002-01-27,-1.447368596815941,0.36456232159710916,-0.8045290938075411,1.9776874030516205
2002-01-28,-0.30430045727906385,1.1682663284984034,-0.04189925486126075,-0.4843357080088008
2002-01-29,0.5333273889748973,-0.10771939697197924,1.4824022012364149,0.2587774744914
2002-01-30,0.21731000595928765,0.7269038276068115,-0.8381940341638959,-0.33795220674489185
2002-01-31,0.3075497682834476,-0.30872650836383686,-1.350804027330058,-0.6301523137878968
2002-02-01,-0.863887733534705,-0.7335214430440657,-1.7702547286765626,0.5624065067121341
2002-02-02,-0.39293466040965735,1.1704586347075734,-1.7131320993539503,-0.07648066551957702
2002-02-03,-1.0509639380349525,0.19806243817468108,1.0860796943645117,0.16626650514403582
2002-02-04,0.025092290220934742,-0.7762885509694823,-1.196952206607272,-0.15665116483229746
2002-02-05,0.9334684927288062,-0.6805942439314601,-1.9151688362499188,1.0111595529306345
2002-02-06,-0.18358337074585304,0.7449145899611916,0.6584500647219452,1.1202449514334554
2002-02-07,0.906544608168728,-0.8141045894640386,0.6927123572336548,-0.40980762347009814
2002-02-08,-0.5776492513785836,0.9694172369814016,1.455691089625862,0.6700474903669162
2002-02-09,-0.8435968269912403,-0.39203509208642534,1.5240749177071413,-0.2096924873625349
2002-02-10,0.20856212953631556,-0.1114043487149145,-0.8279263331054387,0.4916512505927044
2002-02-11,1.345787319931145,-0.2352483175718905,0.22198931715549733,-0.17070141842711983
2002-02-12,-0.2764163980026069,-2.8957777988769022,0.7257564198746191,0.6873585084191808
2002-02-13,1.3795028573739363,-2.5548718950774045,-0.3605229942352386,-0.014017145591713787
2002-02-14,0.7240932797230822,0.8212275663738566,1.440303751145946,0.06571312213462212
2002-02-15,-0.3929705176605045,-1.0394182547850273,0.9954788004213138,0.30178061668600087
2002-02-16,-1.0210926225642603,1.3566274763154007,0.1782476429961294,-0.25626014948964826
2002-02-17,2.5979500961823794,-0.6765031729274604,-1.6744142155400425,0.6571446353793687
2002-02-18,0.8382810091422392,-1.6105305476725553,1.0308540911048953,-1.7203886984791128
2002-02-19,-0.18480767943545262,-1.0189751606698696,1.5577439726843572,-1.2244465258219188
2002-02-20,-1.1191332768970652,0.38226384012095743,-0.16648184349186626,0.6959362699077296
2002-02-21,-0.20019867968299968,-0.04175848003349058,-0.41679134356425096,0.4405401816490676
2002-02-22,-0.43925458718911503,-0.5878715680880242,-0.9580539000941154,-1.2935646243210752
2002-02-23,1.2146263154518204,-1.2667395355542876,-0.15576453186293238,0.6086989749766556
2002-02-24,-0.04912998144696898,0.48355091573209663,-1.1853182207542874,1.5749669116656888
2002-02-25,-1.2881401408686393,-0.1544366863944836,-0.2387971517930216,0.19950748612476574
2002-02-26,-1.66783973324521,-0.4535763657368581,1.1720920798837489,-0.9976528457984042
2002-02-27,0.5168963910834375,0.7180227034801582,1.3006654052304765,-0.059342892993940265
2002-02-28,0.14369165265100045,-0.5980530780280944,-0.3640322342253256,-0.25599307750391964
2002-03-01,-0.2943097755274255,-0.18491846867473993,-0.6416832285307974,1.37349882037684
2002-03-02,-2.130500838024679,-0.17863474177260724,0.3861712174586934,-0.2489257322753186
2002-03-03,0.9188825503420899,-1.8262276796314296,0.4975776545066538,-1.9782958891556195
2002-03-04,-2.3547296652558023,-0.2022551304183742,1.6490436364705492,-1.0835167866327553
2002-03-05,-1.225635353909905,0.11447742872133802,-1.1894667639406191,1.2115795561021179
2002-03-06,-1.588852904854014,0.4006140734203912,-0.21813842559832977,1.2359850685117166
2002-03-07,1.6387915980926624,-0.26496288131776863,0.2311081210360831,-1.5614005455749798
2002-03-08,-0.3259061997159902,-0.8651152025227788,0.15097350823794287,-0.7951675808563816
2002-03-09,-0.7041485532869721,-1.1070029171096434,1.5119037599679634,0.6851670957903236
2002-03-10,-1.8866516078563054,-0.15339793449901631,-0.1220330242669646,-0.3229622070092469
2002-03-11,-0.09529032192564134,1.182093334994362,-0.6563074859952754,1.1257086887002339
2002-03-12,2.164231245994854,1.7518179887126766,0.7219049721217979,1.2461923937876387
2002-03-13,0.013475557797153771,1.363517253505137,0.4850810833804594,1.0858820461597682
2002-03-14,-0.6651245454787059,0.2513328324278302,1.292092683999099,0.6989722940108407
2002-03-15,2.1129261915436532,-1.2587481429764553,0.39529232537514236,0.28166167921788976
2002-03-16,-0.15916624071186453,-0.21455578188519098,1.1098073765186305,-0.9604119724781991
2002-03-17,-1.961639226712209,0.07084064928516252,0.21509423873444533,0.42671278709908733
2002-03-18,-0.8874227196453501,-1.9863884282448283,1.1103855575796662,-0.8712503384164153
2002-03-19,-0.8836237765416111,2.4816063353127564,-0.6894819518671313,0.3616488123331239
2002-03-20,-1.0012261121896424,-0.6302366136429666,-0.6604487436298896,-0.5317431806564165
2002-03-21,0.021481212609938072,0.6048358907550514,0.8162136943846746,0.41659407622164707
2002-03-22,-0.0026745249038807326,-1.1769551119656028,-0.5104497912467073,0.7321938477676924
2002-03-23,-0.5293967920474915,-1.1089728483657582,-0.24859503747344566,1.5449489798927825
2002-03-24,0.3433477095829753,-0.303367060934817,0.6674260982927475,-0.03625389078127178
2002-03-25,1.0403954374445963,-0.6638342999052728,1.3678226889912812,0.44517144180907997
2002-03-26,-0.03205284753535154,0.0996786985283126,0.20856446911731477,0.10365307464785783
2002-03-27,0.7272942337881982,-0.6587388367606636,-0.7345753903392238,-0.7515548693136239
2002-03-28,-0.44681505485278583,0.8786624268474702,0.06305315820883019,-0.7818000393516159
2002-03-29,1.2561061526191335,0.5361383954736134,-0.8565361781121124,-0.025118901821482624
2002-03-30,-1.0424142691810907,1.4222578754449242,0.07483437736812043,0.7086407535100663
2002-03-31,0.026095706585566078,-1.2790354662964643,-1.2864109268609227,-0.1392852632979526
2002-04-01,0.0733614709425527,-1.3371630393328644,1.2548951595367028,-0.10217385970808088
2002-04-02,0.3394204501591355,-1.1626162003135518,0.26539254264057216,0.5987787194745509
2002-04-03,0.05291968392168161,-3.1443995943881653,0.7451999168964575,-1.8522254574736392
2002-04-04,-1.3008037178586234,-0.35983191164736,0.35482342939821904,1.5324401555508116
2002-04-05,0.799321051652917,0.5209861666318233,-0.3072766695296778,0.19006731338736624
2002-04-06,0.24483076048265343,0.551820611665938,0.03481301887746225,0.5132157925433627
2002-04-07,-2.0307162403468135,-0.7088743294896135,0.05717542388036883,0.13511351164584126
2002-04-08,-1.744896983033327,0.20434214609380394,0.09409402190044983,0.6151740333722173
2002-04-09,0.6056631762964818,-2.1153222393898248,-0.7303090820358014,-0.4349392931973557
2002-04-10,-0.7267061148235545,-0.08904877415136468,-2.321362514936815,-1.4347319972651098
2002-04-11,1.5681445513746828,-0.590505592551494,-0.8586842218563369,0.23637403307302865
2002-04-12,0.28435871943965635,1.9434222915759407,-0.9336066618444157,-0.24949971074870245
2002-04-13,0.2724776162725987,-1.061847527852265,-0.3767003612768023,0.5428660030510558
2002-04-14,-0.23130356634193489,-0.25435228248355785,0.8588811076410018,1.2264169143679189
2002-04-15,-0.9291145955079617,0.27290987334833566,-0.2562753063900673,-0.4444673187921025
2002-04-16,-2.165338235097996,0.08683049064374476,1.2383028544798842,0.7423486385477263
2002-04-17,-0.04273368370338162,0.4651998352716856,-0.4422586130108063,0.6390758239878158
2002-04-18,-1.7863729795057426,0.9342432885533883,-1.7005139489204368,0.9856064298229957
2002-04-19,0.5021948471247888,0.8911876978183241,-0.5289307656090442,-1.007159804958735
2002-04-20,-0.406611180950628,1.1879653631711513,1.4521522828144298,1.0876853511207834
2002-04-21,0.827616944257268,-0.33321494395532325,-0.39644009148641757,0.2879749349829472
2002-04-22,-0.20653593011871374,0.6514067337199541,1.666413138368348,-0.32205852631473614
2002-04-23,-0.26815472534762125,0.20550573494380375,1.0484246788117308,-1.0133423087060809
2002-04-24,0.8007934243639795,1.0438028203367629,-0.2991105892511391,0.03005596035852025
2002-04-25,0.650514759094231,0.5018901742078282,-0.631904392031785,-0.9058819411209142
2002-04-26,0.07431935546355338,1.8086909331946643,0.9879078835392069,-0.11735400527798075
2002-04-27,0.28873074686084266,1.5330363166779943,0.2872593020296625,0.1298782374900723
2002-04-28,0.08076845361831504,-0.8999508283372758,-0.8407496323276322,-1.3482002845357661
2002-04-29,-2.3762545741292405,-0.5013424908321679,0.0925616498395035,1.7441581700474431
2002-04-30,0.048344953278760705,0.4185082270302375,0.4457540338789497,0.4948075672699741
2002-05-01,-0.17208050440922348,-0.6774775482140839,-1.070575161320851,1.3038743310840577
2002-05-02,-0.5752295222519238,0.49724866503881915,-0.3575334324725231,2.102559549610015
2002-05-03,-0.6071428528134175,-0.04126682272929868,0.1777666927961648,-1.1337932593464082
2002-05-04,-1.2061451148610656,-0.8945288216502825,0.23510382466386778,0.33519235538146724
2002-05-05,2.173764127824311,2.4209389107417922,-1.7207588565845462,0.5931711697692064
2002-05-06,-0.4546657539678367,0.5139278418076013,-0.4338408832249702,0.09967544929836063
2002-05-07,1.8683507442611103,1.691202231780388,0.41322977877328887,0.8354857669207716
2002-05-08,-1.070497566258586,0.29454901406887407,0.47475633396013206,-1.136744642493042
2002-05-09,-0.6628476469110666,-0.3772307724486164,0.21706075646729014,1.5550794874944465
2002-05-10,-1.0352088000165074,0.021957315317238223,1.563354602455717,0.8718704385516562
2002-05-11,-0.3066567515838808,-1.0524655324927326,1.4647641050928912,0.5450220742716613
2002-05-12,-0.6944805617814445,-0.6397198370351151,0.22346346036463463,0.9722225378573915
2002-05-13,-0.7444972250740288,-0.2135224841221835,-0.7851269715086115,0.37230232676153563
2002-05-14,-0.774108619782131,1.0155788510549817,-0.1249659882800964,1.5882173548144285
2002-05-15,-0.22359344599641726,-0.023885173416501995,-0.21769382768325532,-0.45772840086846156
2002-05-16,-2.0272327098109573,0.21968605979463754,-2.944803751814464,0.6085306290135346
2002-05-17,-0.0022614518728935346,-0.030477404509181148,-1.1968144686707813,1.4388298521510514
2002-05-18,1.547872437180471,-2.0039347439164565,0.5306839983107631,-1.0642818947941648
2002-05-19,-0.09968386382992338,1.2593048786072663,-0.43979387571223183,0.5777549112869897
2002-05-20,0.9766080184290707,-0.02229324178284114,-0.33903253905226693,1.2414362529171703
2002-05-21,1.0405186451331072,0.3942818703321219,0.8165846402709513,0.2910797406951645
2002-05-22,-1.6328015642154416,0.08351281319015764,-0.37216649901195326,-1.6855877142408227
2002-05-23,-0.854075433146286,0.5065416737128546,-1.3090057166933058,0.33881941314397046
2002-05-24,0.4922225959177527,0.08526574765639826,0.39624660216990915,-1.1670889571870562
2002-05-25,-0.7380595698390466,1.2393285018663291,1.3929383790361314,-0.43710902807860025
2002-05-26,0.2553296973051016,-1.0296580223544618,-1.0495938564303786,-0.14584912821380697
2002-05-27,-0.3830778316719415,-0.31101694957617093,-0.37404565133910767,-0.6390944011975815
2002-05-28,0.4777816152941582,-0.06696556757193264,-0.29905512527931616,0.69252887350199
2002-05-29,0.909192064857816,-1.3563770782519358,0.9415937607827801,0.6826004745166144
2002-05-30,-0.07833531267962368,-0.16585369822735838,-0.7048837115096195,0.6213498831593856
2002-05-31,0.09640175248300918,0.2988608304169194,-0.8593903853704066,-0.2049136037282257
2002-06-01,-0.1602500322792499,0.5914365463890282,0.6236174621492937,-0.43603262155792366
2002-06-02,-0.9217415012347604,1.0059024118475013,-0.9691150160249041,-2.184900433329568
2002-06-03,-0.8293091140522472,0.5215741368315729,-1.3652978930480082,-0.7276049080097992
2002-06-04,1.0144470627862214,1.602168967425156,-2.0980813276013497,0.05337127155215303
2002-06-05,0.38168965425304435,-0.43059987926996357,0.34812127219122146,0.9152316353855512
2002-06-06,-0.9294111549414831,-0.18958535291679274,1.3069900674845023,-0.6505678128453324
2002-06-07,-0.1708604615705998,0.17710542005484792,-0.044526346146020704,-0.11006358482937972
2002-06-08,-0.8836372298497435,0.5030996061621609,1.0780504574970542,-0.5658430082210104
2002-06-09,0.5032341742409971,0.6002714077815545,0.28767356514731135,0.5520997277591323
2002-06-10,0.1539485291282813,-1.0249680886855572,0.745270533711642,1.2593863433808727
2002-06-11,-0.6811696748184335,-1.1631096492907966,-0.9698658020486951,1.6633138384995663
2002-06-12,-0.6086929517983838,-1.0980904908772133,-1.3450686533809781,-0.3590309024327775
2002-06-13,1.2007066303766711,1.1455228883917745,-0.6759813379520238,-1.456812997036755
2002-06-14,0.7769548821071465,-0.48846134952605536,0.20942396184804313,-1.2951864026350406
2002-06-15,-0.3613964910293776,-0.7246026337240363,0.9839883718491071,-0.3857849118240932
2002-06-16,-1.5983592919267149,-2.122051509134387,2.313044697503346,-0.6650152681468532
2002-06-17,1.1952971003703508,-1.8913864984959048,0.16337290544492897,-0.7708461684519833
2002-06-18,1.256202130144498,0.1988751502748419,-1.1609271462834587,-1.2737607596465426
2002-06-19,1.7442332164259071,0.15448944489059427,1.5362442999247763,-1.0523983241678765
2002-06-20,2.6559673414553298,-0.17583483068312245,-1.4225174848634252,0.5431252860518634
2002-06-21,0.42204431560090844,-0.5810530273121747,0.9776666276524894,1.029132121059897
2002-06-22,-0.7439093593228779,1.0721182376490894,1.120802522134855,-2.5924026879116027
2002-06-23,-0.29256610776785535,-0.05933720999508894,-0.499450099060274,-1.438468879571129
2002-06-24,0.19160317662502457,-0.4029774256223946,0.5464837660800015,0.5852006999404722
2002-06-25,-0.06555897017241302,1.3818543712927092,-0.0035243653597181396,1.090160663216825
2002-06-26,-0.055645241582855026,-0.554522185063363,-1.3636713686694941,0.6089118576417358
2002-06-27,0.07551818361990077,-0.6391762801820171,-1.018464492386592,0.8805564825065127
2002-06-28,0.09754285382088301,0.18080437834667176,0.6150072083772661,-0.683174758157296
2002-06-29,2.302923225244593,1.119240037172434,1.4082283730461624,-0.7891614723722821
2002-06-30,-1.6449020938091659,-0.7532990971618885,-0.40641235196050135,-0.3465001553502152
2002-07-01,-0.5604634573972661,-0.8778643124143698,0.6106656176497174,-0.028032845687424948
2002-07-02,-0.9385190441371895,-0.8518194140096804,0.9335060334296835,0.017706358198886673
2002-07-03,-0.5748085737270657,0.002610425093822582,0.2513943922006946,-0.30929863302951877
2002-07-04,-0.5526937495505989,1.0508277576814085,0.6130361127018908,0.5472682495331813
2002-07-05,1.2852014668734988,0.2793606028497782,0.3193710995245392,1.0807607819620222
2002-07-06,0.8158155584031574,0.8059855422022936,0.26887525185523026,0.818039088935015
2002-07-07,-0.11404655751937325,-1.107106147996727,-1.4622755561861265,0.37076205992530564
2002-07-08,-1.0849692489908462,-0.440703892344591,0.1852360963206139,0.18089654192787566
2002-07-09,-0.9583919250391352,-0.9589277850575882,-0.6515710339026961,0.9571332279465645
2002-07-10,0.6464586119051892,0.12311560759399899,-0.5419771818887403,0.2540125699890777
2002-07-11,0.7879427276849567,1.3506800806946726,-0.7426489496841456,-1.2071279061773845
2002-07-12,-0.6111301323780868,-0.2952935300618577,0.22349145367226317,-1.0947743288857437
2002-07-13,-1.1468735933585779,0.6127741072426578,-0.34443415452668336,-0.8892305366990916
2002-07-14,-0.511858118377355,-3.016810470787361,-0.8280939896718833,-0.6126570257717122
2002-07-15,1.9132326625656493,0.9811070370244478,1.37197277135371,0.5687834414947642
2002-07-16,-1.420021586208922,-0.3743493629218347,-0.28795519724031027,-0.2503415796110917
2002-07-17,-0.637007323144468,-0.2576745632230106,0.7709410558049773,-0.0941072600809318
2002-07-18,-1.4371018555127528,-0.8063729082329362,-0.9146663513669894,-0.24488436076730358
2002-07-19,0.058881349748231976,-1.1732287734980866,-0.6718237995634182,-0.25429669852286335
2002-07-20,0.20566086462301836,0.8744582851644874,0.8887366468886704,-0.18760299999806343
2002-07-21,-1.9894356544555662,0.6405660009982972,-0.9523263093846402,0.6965858996465597
2002-07-22,-0.72611844429988,-1.4528590598371312,1.178682997670656,-1.4126808017705852
2002-07-23,0.4694969919193909,1.0340543108051867,1.4354474656628826,0.8457993639658388
2002-07-24,1.1510861242493404,-2.743290928986654,0.4253797992585384,-0.0023101982509688606
2002-07-25,0.06465728064240323,-1.2924539096576395,1.3505058249033528,-1.175030154341363
2002-07-26,-2.197360464606906,0.25062213420090723,0.034427427370958774,-0.5403122408885132
2002-07-27,-0.808902779775732,1.442381327375759,-0.49321021784398994,0.8328429134662768
2002-07-28,-2.1451808867637054,0.2585792602327019,-1.1304159684553463,0.7376075577210712
2002-07-29,-1.428081216396386,0.5416070415013137,0.12178954472045946,0.6343108418723655
2002-07-30,-1.3285704356938952,-0.3468460536093033,-0.7508044979919622,2.3732803784345995
2002-07-31,-0.6739640931538231,0.7159463916004223,0.1770288888096151,2.096722644056891
2002-08-01,-0.4263668514779737,-0.023094154575037884,1.1809005394681547,-0.8517670916516445
2002-08-02,-1.6636959887384282,-0.7996275474828235,-0.8781478259115242,-0.8654958267354997
2002-08-03,-1.231814963578304,-0.7652386208120984,0.4173079749203184,-0.8387420430799686
2002-08-04,0.9527806731704294,0.3380752168413615,0.7453733039982956,0.17586570995032852
2002-08-05,0.3378714151088663,1.437749304591598,-0.7988483834960716,-0.10317117566637662
2002-08-06,1.1328273784161618,1.6889498903588929,-0.906471009772637,0.7912086967924321
2002-08-07,-0.2723572004606548,-0.822961286029705,-0.27418355099512004,0.23963321464890563
2002-08-08,0.3094884165516112,1.8897628630397203,1.3527442791154256,0.5614203592456143
2002-08-09,-0.8884368825822041,0.0048510158409261215,0.5903850184553068,-0.3597763055556474
2002-08-10,-1.2806572199072301,0.6550544219348872,-1.8276665972257318,-0.5011224105555129
2002-08-11,-0.19556904433979755,0.5935714216560252,-0.6619181810978618,0.005922798302423037
2002-08-12,-1.4731646571287,0.7190357521269093,-0.7049734547990846,1.371447818108578
2002-08-13,-0.7471670637645098,-0.7191102401502799,-0.38734846206194234,-0.39914874370146586
2002-08-14,-0.34298501829785893,-0.3850065058545194,-1.3987321689936343,-0.5992390385712099
2002-08-15,-0.04453536605604486,-0.7371513039548229,-1.115414881028243,0.5607242633802122
2002-08-16,-0.5734399218802905,1.2133171257905644,0.6683756680498283,1.1017823054396059
2002-08-17,1.0489954247874447,0.07281033093661954,0.6353951226709033,-0.6053563846449309
2002-08-18,0.5275358988321388,1.812044727893431,-0.7153133755308201,-0.2208364962366003
2002-08-19,0.37953518205546555,1.1757895703569063,-0.04482680120857512,-0.11057678516111719
2002-08-20,0.7488534850459625,-1.6340716163103595,-0.02008867313867956,-0.7509797472620258
2002-08-21,-0.43395731195056736,-0.45725100776771627,0.7794678799134872,0.22829634163728738
2002-08-22,-2.078244302829893,0.32247523989173305,1.3715098166250619,-1.0783683571915281
2002-08-23,0.3148140059803659,-1.0238827298768252,1.8290868353220597,-0.5640297024098142
2002-08-24,0.8633153841943477,0.08640043921993336,-1.0940507524279732,0.6800322089348827
2002-08-25,0.9246987998181974,-1.058996895788367,-1.2648721086280272,0.31975358537630516
2002-08-26,-0.20917181872500024,0.7667245275952382,-1.520832402862423,1.528573383644989
2002-08-27,-1.5731441898854228,-0.7646391670562138,-1.3654413413810609,0.9871024597144561
2002-08-28,0.0023174012015590496,-0.6588438124787224,0.5315692261374257,-0.29710571507599687
2002-08-29,-0.30948584994591655,0.1979533766579445,0.09673928011757464,-1.4273189161546285
2002-08-30,0.4627946050159683,1.9003650805195276,-2.164817279032237,1.3661758531562136
2002-08-31,-0.9775187622877306,0.5294720094012612,-0.6303179316543851,-0.0639816426930886
2002-09-01,-1.1673407631181563,0.15688291913779823,-0.07449501926673474,-0.7257741916220521
2002-09-02,1.5382928631197768,-1.8519507459705826,0.4715397516002783,-2.369453361290928
2002-09-03,-0.38442135947629297,-0.029243128307901847,-0.7368565053925801,0.34534459070047907
2002-09-04,0.09888903459261951,1.4457228456395275,-0.043211751053868604,0.3123468487835505
2002-09-05,-1.4607521373981769,2.472479075095384,0.01165375007876979,-1.9675837751930845
2002-09-06,-0.40770432449964444,-0.4029544234456164,-0.8529683879839918,-0.2870554388467409
2002-09-07,-1.0383671986098857,-1.8291812741127917,-1.0163915011816564,0.35160010391425073
2002-09-08,-1.1713087336896522,0.9336574284561954,2.202880255175849,1.4962908874186989
2002-09-09,-1.0099873124214334,-1.0032204030482443,0.07255864186674335,-1.9484908761916786
2002-09-10,0.40601827229638476,-0.05374771487380427,0.3773753283084274,1.5572480278719851
2002-09-11,1.1670879420844327,0.4488648055460276,0.8429231978279387,-1.3870986584387146
2002-09-12,1.0021084807525646,-1.152761710931905,1.1544868746088157,1.1807080207601266
2002-09-13,0.800958075534665,0.2429778866363794,0.8397888600810028,0.5342268242416713
2002-09-14,-0.03287803129659284,-0.057727465045503336,1.0448056364562297,-0.22675564476284688
2002-09-15,0.12316596125761135,-0.32913667975556676,-0.7020370322028758,0.5836292640166988
2002-09-16,0.14557739974247055,-0.31920631522092374,-1.9482053930840997,0.12176661490816888
2002-09-17,-0.4056801857291486,1.146678827469929,-0.9153146359374457,0.48210099774027704
2002-09-18,0.8778462272870797,0.12117698764334905,-0.2871268684127197,-0.39640851271466343
2002-09-19,1.8388422603111556,0.7899237869508972,1.403496331670555,1.369166861645147
2002-09-20,0.4138317451386612,0.24631567271781807,-0.10646029554879842,1.1412767490577373
2002-09-21,-0.0724603129433272,0.5233886307260798,0.28694448295460945,-0.49808801327625085
2002-09-22,0.39250709357414526,1.189152138429865,-0.8785328056882731,-2.3035661383978745
2002-09-23,-2.961391957368401,-1.0129699722515706,1.8082917526971192,0.8912146127816779
2002-09-24,-0.1271463275052999,0.37248062422643435,-0.8685624768095492,-0.6450138663971076
2002-09-25,0.7386584301547137,0.4945566468080494,-1.4866568452345845,1.3602805022924562
2002-09-26,0.5213302474250903,-1.0737607695924278,-0.5341344098590186,-0.5288969191988453
